Station Name,State Name,temp_min,temp_max, bact grow,oxy_min,oxy_max,ph_min,ph_max
YAMUNA AT WAZIRABAD,DELHI,16.7,32.8,1,5.1,13.5,7.2,8
YAMUNA AT NIZAMUDDIN,DELHI,17.1,30.9,0,0.4,2.6,7.1,7.9
"OKHLA BRIDGE (INLET OF
AGRA CANAL)",DELHI,17.3,30.4,0,0.4,1.8,7.1,7.8
"YAMUNA AT OKHLA
A/M OF SHAHDARA DRAIN",DELHI,19.4,31.8,0,0.1,1.6,7,7.9
MAHI AT UMETA BRIDGE,GUJARAT,19,30,1,5.3,9,7.3,8.5
MAHI AT MUJPUR,GUJARAT,27,33,1,6,9,8,8.6
MAHI AT SEVALIA,GUJARAT,24,30,1,7.3,9,7.3,8.5
MAHI AT VASAD,GUJARAT,20,29,1,4.9,9.1,7.3,8.5
"MAHI NEAR RAJASTHAN BORDER
AT KADANA DAM",GUJARAT,29,32,1,6.2,9,7.1,8.5
"MAHI AFTER CONF. WITH ANAS AT
PARDI (BANASWADA)",GUJARAT,30,33,1,5.6,8.9,7.5,8.5
MAHI AT VIRPUR,GUJARAT,28,32,0,3,8.9,7.8,8.3
MAHI AT SHERKHI BRIDGE,GUJARAT,26,31,1,6,9,7.1,8.7
"ANAS AT
DAHOD,(KUSHALGARH),DIST.
PANCHMAHAL",GUJARAT,30,32,0,3.8,8.9,7.6,8.5
PANAM AT LUNAWADA,GUJARAT,28,32,1,5.6,9,7,8.1
"VISHWAMITRI DOWNSTREAM AT
KHALIPUR VILLAG",GUJARAT,26,30,0,0.8,2.2,7.8,8.3
"VISHWAMITRI, UPSTREAM AT
ASOD BRIDGE AT NH-8 NEAR
GLDEN CHOKDI, ASOD VEMALI
ROAD",GUJARAT,26,30,1,4.9,9.2,7.7,8.9
SABARMATI AT DHAROI DAM,GUJARAT,27,33,1,5.5,8.04,7.5,8
"SABARMATI AT AHMEDABAD AT
V.N. BRIDGE",GUJARAT,25,29,0,1.2,7.32,7.4,8.5
SABARMATI AT KHEROJ BRIDGE,GUJARAT,25,27,0,4.1,7.7,7.4,8.4
"SABARMATI A/C WITH MESHWA
AT VAUTHA NEAR DHOKLA",GUJARAT,26,30,0,1.1,7.2,7.9,8.5
"SABARMATI AT GANDHI NAGAR
CHILODA BRIDGE,LEKAWADA",GUJARAT,28,32,1,5,8.2,7.4,8.8
"SABARMATI AT VILL. MIROLI
TALUKA DASCROI,AHMEDABAD",GUJARAT,28,33,1,7.1,7.1,8,8.4
"SABARMATI AT RAILWAY BRIDGE
AHMEDABAD",GUJARAT,25,28,0,3.4,7.2,7.8,8.4
"SABARMATI AT MAHUDI JAIN
TEMPLE, 150 KM. FORM ORIGIN",GUJARAT,27,29,0,4,8.8,7.3,8.3
SABARMATI AT HANSAOL BRIDGE,GUJARAT,25,28,0,4.3,7.6,8,8
"MESHWA NEAR RAJASTHAN
BORDER AT SAMLAJI",GUJARAT,27,27,1,6.6,6.6,7.3,8.1
SHEDHI AT KHEDA,GUJARAT,25,32,0,1.2,9,7.7,8.4
NARMADA AT GARUDESHWAR,GUJARAT,26,30,1,7.1,7.95,7.1,8.5
NARMADA AT CHANDOD,GUJARAT,25,30,1,5.8,8.5,7,8.4
NARMADA AT PANETHA,GUJARAT,26,32,1,7,8.2,7.5,8.3
"NARMADA AT ZANOR (NTPC),
BHARUCH",GUJARAT,23,30,1,6.7,7.7,7.5,8.4
"NARMADA AT
BHARUCH,ZADESHVAR",GUJARAT,26,30,1,6.5,7.5,7.5,8.6
"TAPI AT UKAI, SHERULA BRIDGE",GUJARAT,26,32,1,7.9,8,7.7,8.5
TAPI AT MANDAVI,GUJARAT,24,31,0,2.4,8.8,7.5,8.5
"TAPI AT KATHORE, (NH-8 BRIDGE)",GUJARAT,22,38,0,3.9,6.2,7.2,8.3
TAPI U/S SURAT KATHORE,GUJARAT,23,31,1,5.2,7.8,7.5,8.3
"TAPI AT RANDER BRIDGE, SURAT",GUJARAT,24,31,1,4.8,7.6,7.6,8.4
"TAPI NEAR BARDOLI (KAPP
BRIDGE) BARDOLI",GUJARAT,25,31,1,5.6,8,7.2,7.8
"TAPI AT ONGC BRIDGE AT SURAT,
DIST. SURAT",GUJARAT,24,30,0,2.6,4.3,7.5,8.1
"KIM AT SAHOL BRIDGE, OLPAD
HANSOT ROAD, DIST",GUJARAT,27,31,1,4,8,7.3,8.4
"AMRAVATI AT VILLAGE DADHAL ,
TA ANKLESHWAR, BHARUC",GUJARAT,26,32,1,4.1,8.8,7.3,7.8
YAMUNA AT HATHNIKUND,HARYANA,22,22,1,8.2,10.7,7.3,7.8
"YAMUNA AT KALANAUR,
YAMUNA NAGAR",HARYANA,23,23,1,7.6,8.2,7.3,7.9
YAMUNA AT SONEPAT,HARYANA,26,26,1,6.4,12.5,7.8,8.5
BEAS U/S MANALI,HIMACHAL PRADESH,25,31,1,5.5,8,7,8.4
BEAS D/S MANALI,HIMACHAL PRADESH,5,19,0,7.6,10.1,6.8,8.3
BEAS U/S KULLU,HIMACHAL PRADESH,5,20,0,7.7,9.6,6.9,8.3
BEAS D/S AUT,HIMACHAL PRADESH,23,29,0,2.5,6.82,7.3,7.8
"BEAS EXIT OF TUNNEL
DEHAL POWER HOUSE",HIMACHAL PRADESH,24,31,1,6,7.6,7.2,8.1
BEAS U/S MANDI,HIMACHAL PRADESH,10,24,1,7.6,11.5,7.2,8.2
BEAS D/S MANDI,HIMACHAL PRADESH,10,26,1,7.5,11.6,7,8.6
BEAS D/S JAISINGHPUR,HIMACHAL PRADESH,13,19,0,7.5,8.7,6.7,8.7
BEAS D/S ALAMPUR,HIMACHAL PRADESH,15,20,1,7.1,8.4,7.4,8.5
BEAS D/S PONG DAM,HIMACHAL PRADESH,14,20,0,6.7,8.7,6.5,8.3
BEAS AT D/S PANDOH DAM,HIMACHAL PRADESH,10,20,1,7.7,12.8,7.6,8.6
YAMUNA U/S PAONTA SAHIB,HIMACHAL PRADESH,13,29,1,6.2,8.2,7.6,8.6
YAMUNA D/S PAONTA SAHIB,HIMACHAL PRADESH,14,29,1,6.2,8.2,7,8
"SATLUJ B/C WITH SPITI AT KHAB,
DISTT.KINNAUR,","HIMACHAL
PRADESH",9,12,0,9.5,10.1,6.2,8.1
SATLUJ AT KHAB,"HIMACHAL
PRADESH",9,12,1,9.6,10.1,7,8
SATLUJ U/S RAMPUR,"HIMACHAL
PRADESH",14,16,0,8.7,9.2,6.5,8
SATLUJ D/S RAMPUR,"HIMACHAL
PRADESH",14,16,0,8.6,9.3,6,8.5
SATLUJ U/S TATAPANI,"HIMACHAL
PRADESH",15,18,0,8.4,9.1,6.6,8.7
SATLUJ U/S SLAPPER,"HIMACHAL
PRADESH",9.9,24,1,8,9.8,7.1,8.5
SATLUJ D/S SLAPPER,"HIMACHAL
PRADESH",9.9,22,1,8.5,9.7,7.1,8.3
SATLUJ D/S BHAKHRA,"HIMACHAL
PRADESH",8,28,0,5.9,7.6,6.7,8.1
SATLUJ AT NEPTHA ZAKHAI,"HIMACHAL
PRADESH",12,14,1,9.1,9.6,7,8.4
RAVI U/S MADHOPUR,"HIMACHAL
PRADESH",9,20,1,6.2,8.7,7.1,8.1
RAVI U/S CHAMBA,"HIMACHAL
PRADESH",8,14,1,8.6,8.7,7.2,8.2
RAVI AT CHAMERA RESERVOIR,"HIMACHAL
PRADESH",8.9,16,1,8.4,8.8,7.3,8.1
RAVI D/S CHAMERA III HEP,"HIMACHAL
PRADESH",7.6,14,1,8.4,8.8,7.2,7.9
RAVID/S OF CHAMBA TOWN,"HIMACHAL
PRADESH",8,14,0,8.5,8.8,6.8,8.4
PARVATI B/C TO BEAS,"HIMACHAL
PRADESH",5,19,0,7.8,10.1,6.4,8.4
PARVATI U/S MANIKARAN,"HIMACHAL
PRADESH",4,18,0,7.9,10.5,6.8,8.2
PARVATI D/S MANIKARAN,"HIMACHAL
PRADESH",4,18,0,7.9,10.4,4.2,8.3
LARGI AT D/S MANDI,"HIMACHAL
PRADESH",7,20,1,7.6,9.8,7,8.4
"SIRSA , U/S SITOMAJRI
NALLAHGARH","HIMACHAL
PRADESH",11,27,1,5.2,9.2,7.3,8.8
"SIRSA , D/S NALAGARH BRIDGE","HIMACHAL
PRADESH",12,32,1,4.1,8.5,7.3,8.6
"SIRSA D/S NALAGARH DISTT.
SOLAN","HIMACHAL
PRADESH",12,31,1,4.3,8.8,7.4,8.5
SWAN D/S NANGAL DISTT. UNA,"HIMACHAL
PRADESH",10,31,1,5,6.7,7.2,8.3
SIUEL D/S SURGANI,"HIMACHAL
PRADESH",7.6,19,1,8.6,8.8,7.1,8.1
SUKETI KHAD D/S MANDI,"HIMACHAL
PRADESH",13,27,0,6.7,11.7,6.8,8
BINWA D/S PAPROLA/BAIJNATH,"HIMACHAL
PRADESH",9,20,1,7.3,8.4,7.1,8.5
NEUGAL D/S THURAL,"HIMACHAL
PRADESH",14,20,0,7.8,8.6,6.6,8.1
SPITI AT KHAB,"HIMACHAL
PRADESH",9,12,1,9.4,9.9,7,8
"BASPA U/S RESERVOIR BASPA
PROJECT","HIMACHAL
PRADESH",10,12,0,8.9,9.7,6.3,8.2
TONS RIVER,"HIMACHAL
PRADESH",7,20,1,8.7,9.4,7.5,8.6
BATTA U/S PAONTA,"HIMACHAL
PRADESH",13,29,1,6.6,9,7.5,8.5
BATTA B/C TO YAMUNA,"HIMACHAL
PRADESH",15,27,1,6.2,8.9,7.6,8.4
GIRI U/S CCI MINES,"HIMACHAL
PRADESH",13,27,1,6.8,9.2,7.6,8.4
GIRI D/S SATAUN,"HIMACHAL
PRADESH",14,28,0,6.5,8.8,6.8,8.7
PABBAR U/S DHAMBARI,"HIMACHAL
PRADESH",8.5,20,0,8.4,9.5,6.5,8.5
PABBAR U/S ROHRU,"HIMACHAL
PRADESH",8,21,0,8,9.2,6.9,8.4
PABBAR D/S SWARAKUDDU,"HIMACHAL
PRADESH",6,20,1,8.6,9.5,7.1,8.4
"CHUNT KOL (MAULANA AZAD
BRIDGE)","JAMMU &
KASHMIR",6,27,0,2,7.2,7.1,8
"GAWKADAL, SRG (SHERGHARI,
SRG)","JAMMU &
KASHMIR",6,24,1,5.4,8.5,7.4,8.3
JHELAM D/S ANANTNAG,"JAMMU &
KASHMIR",8,14,1,6.4,8.4,7.4,8.1
"JHELAM AT DALAGATE (INLET),
SRINAGAR","JAMMU &
KASHMIR",7,23,1,4.6,8.3,7.4,8.1
"JHELAM AT CHATTABAL WEIR
(OUTLET)","JAMMU &
KASHMIR",7,25,1,5.2,8.5,7.1,8
JHELUM AT VERINAG,"JAMMU &
KASHMIR",7,14,0,7,9,6.5,8.1
"JHELUM AT SANGAM,
CONFLUENCE POINT OF VISHAV
NALLAH","JAMMU &
KASHMIR",8.1,15,1,5.4,9.2,7,8
JHELUM AT AWANTIPORA,"JAMMU &
KASHMIR",8.2,14,1,6.9,9.5,7.4,7.9
JHELUM AT PAMPORE,"JAMMU &
KASHMIR",8.1,15,1,5.6,8.5,7,7.9
"JHELUM ATSPORE, CONFLUENCE
POINT OF WULAR LAKE","JAMMU &
KASHMIR",6,16,1,6.8,8.9,7,7.9
JHELUM D/S ATBARAMULLA,"JAMMU &
KASHMIR",6,16,1,7,8.8,7.2,8
LIDDER NALLAH AT LARIPORA,"JAMMU &
KASHMIR",5.4,8.8,1,8.7,10.1,7.6,8.1
LIDDER NALLAH AT CLUB PARK,"JAMMU &
KASHMIR",5.5,8.9,1,7,9.4,7.4,7.9
LIDDER NALLAH AT BUS ADDA,"JAMMU &
KASHMIR",5.4,8.6,1,7.8,10.1,7.1,8.1
"LIDDER NALLAH AT YANEER, D/S
OF PHALGUM","JAMMU &
KASHMIR",5.3,11,1,5.7,10,7.2,7.9
"LIDDER NALLAH NERA BUMZOO,
ANANTNAG","JAMMU &
KASHMIR",6,12,1,7.8,10.8,7.5,8.5
SINDH U/S SONAMARG,"JAMMU &
KASHMIR",4.5,9,0,8,8.9,7.5,8.3
SINDH D/S SONAMARG,"JAMMU &
KASHMIR",4.5,8,0,8.1,8.7,7.4,8.5
SINDH AT WAIL BRIDGE,"JAMMU &
KASHMIR",4.7,9,0,8,10.9,7.6,8.1
SINDH AT DUDERHAMA,"JAMMU &
KASHMIR",4.9,10,0,8.5,9.7,7.4,8.3
"SINDH AT RANGIL, SRINAGAR","JAMMU &
KASHMIR",4.1,10,0,8.2,10.3,7.8,8.2
"BANGANGA (BATHING GHAT),
KATRA","JAMMU &
KASHMIR",8.9,25,1,5.6,7.6,7.8,8.1
"BANGANGA (IN FRONT OF PONY
SHED NEAR REASI BRIDGE ) KATRA","JAMMU &
KASHMIR",8.8,26,1,5.6,8.1,7.8,8.2
"SAMBA(BELOW NH-1A BRIDGE)
BASANTAR US (R.H.S.)","JAMMU &
KASHMIR",13,29,1,7.2,8.1,7.2,8.3
"SAMBA (AT CHAK MANGA GUJJAR)
BASANTAR D/S (R.H.S)","JAMMU &
KASHMIR",15,29,1,6.5,8.1,7.6,8.1
"CHENAB, L.H.S. (BELOW BRIDGE
CHENAB)","JAMMU &
KASHMIR",9,16,1,6.6,9.2,7.5,8.2
"CHENAB, BLIND CURVE,
SHAMSHAN GHAT","JAMMU &
KASHMIR",9,16,1,7,9.4,7.5,8
"CHENAB, CHADRA GAON VIEW
POINT","JAMMU &
KASHMIR",9,16,1,7.2,9.4,7.3,7.8
"CHENAB, JAI PATAN MANDIR
AFTER MEETING WITH MAIN
DRAIN OF AKHNOOR CITY","JAMMU &
KASHMIR",9,17,1,8,8.2,7.2,7.9
"DEVAK UDHAMPUR(NEAR SHIV
MANDIR), L.H.S.","JAMMU &
KASHMIR",11,27,0,4.2,6.8,7.8,8.1
DEVAK AT UTTERBEHNI.,"JAMMU &
KASHMIR",12,28,0,3.1,8,7.6,8
"TAWI,U/S TAWI BRUDGE, BAGH â€“
E-BAHU LIFTING POINT","JAMMU &
KASHMIR",16,24,1,6.3,8.5,7.5,7.8
"TAWI, BELOW TAWI BRIDGE","JAMMU &
KASHMIR",15,24,1,7.1,7.3,8,8
"TAWI,D/S TAWIBRIDGE ,
BELICHARANA","JAMMU &
KASHMIR",16,24,1,7.8,8.1,7.3,7.8
"U/S TAWI BRIDGE SHEETLI LIFTING,
POINT, , NAGROTA","JAMMU &
KASHMIR",16,24,1,6.5,8.6,7.1,8.1
UJH AT DAM SITE,"JAMMU &
KASHMIR",12,28,1,7.8,9.1,7.1,7.1
GANGA AT RAJMAHAL,JHARKHAND,25,25,1,9,9,6.5,6.5
AJAY AT MASANJORE DAM,JHARKHAND,27,27,1,8.5,8.5,7.4,7.5
"DAMODAR D/S BHAIRABI AT
RAJRAPPA",JHARKHAND,22,34,1,7,8.6,7.2,7.5
"DAMODAR AT RAMGARH ROAD
BRIDGE",JHARKHAND,22,34,1,7.4,8,7.2,7.5
KONAR AT TILAYA DAM,JHARKHAND,20,33,1,7,8.7,6.8,7.5
KONAR AT KONAR DAM,JHARKHAND,21,33,1,7,8.6,6.5,7.8
NALKARI TRIBUTARY AT PATRATU,JHARKHAND,22,34,0,3,4.2,7.3,7.3
DAMODAR AT PHUSRO ROAD BRIDGE,JHARKHAND,26,26,1,7.2,7.2,7.4,7.5
DAMODAR U/S JAMADOVA,JHARKHAND,20,28,1,7.5,7.6,7.5,7.5
DAMODAR D/S SINDRI,JHARKHAND,20,29,1,7.3,7.6,7.5,7.6
DAMODAR AT PANCHET DAM,JHARKHAND,21,26,1,7.5,7.8,7.5,7.6
BARAKAR AT MAITHAN DAM,JHARKHAND,23,28,1,7.4,7.7,7.5,7.5
KONAR AT TENUGHAT DAM,JHARKHAND,27,27,1,7.7,7.7,7.3,7.3
BOKARO AT JARANDI,JHARKHAND,28,28,1,6.7,6.7,7.2,7.4
KARO U/S LOHOJIMI,JHARKHAND,18,35,0,8.1,8.5,6.8,7.5
"KOEL AT BASIA,DAM
U/S,JHARKHAND",JHARKHAND,18,32,1,8,8.6,7.4,7.9
"KOEL AT MANOHARPUR AFTER
MEETING KOINA RIVER D/S,J",JHARKHAND,25,40,0,6.8,8.4,7.3,7.5
NORTH KOEL U/S DALTANGANJ,JHARKHAND,18,38,0,7.4,8.6,7.2,7.5
"NORTH KOEL D/S BCCL, REHLA",JHARKHAND,19,37,0,7.1,8.6,7.2,7.5
SANKH AT BOLBA,JHARKHAND,19,36,0,8.3,8.6,7.2,7.7
"SUBARNAREKHA AT CHANDIL
DAM",JHARKHAND,19,30,1,6.8,8.8,7.4,8.4
"SUBARNAREKHA AT CHANDIL
BRIDGE",JHARKHAND,24,35,1,6.7,8.2,6.5,7.8
"SUBARNAREKHA AT
JAMSHEDPUR",JHARKHAND,22,38,0,5.4,7.2,7.4,8.2
"SUBARNAREKHA AT D/S
JAMSHEDPUR,(TATA
NAGAR),JHARKA",JHARKHAND,26,32,0,3.7,6.5,7.2,7.7
"SUBAREKHA AT GHATISLA ROAD
BRIDGE",JHARKHAND,20,36,0,7,8.2,6.6,7.5
"SUBARNAREKHA AT
RANCHI,(TATISILWAI)
JHARKHAND",JHARKHAND,15,33,1,4.9,7.8,6.4,7.5
"SUBARNAREKHA AT NAMKUM
ROAD BRIDGE",JHARKHAND,17,33,1,5.3,6.9,7.4,7.7
"SUBARNAREKHA AT MURI ROAD
BRIDGE",JHARKHAND,15,35,0,7.2,8.3,7.3,7.9
SUBARNAREKHA AT HATIA DAM,JHARKHAND,17,32,1,8.2,8.5,7.3,7.5
"SUBARNAREKHA AT GATALSUD
DAM",JHARKHAND,15,30,1,8.1,8.6,6.5,7.6
JUMAR AT KANKE DAM,JHARKHAND,17,32,1,5.9,7.2,7.2,8.1
"KRISHNA U/S OF UGARKHURD
BARRAGE",KARNATAKA,23,30,1,6.5,8.4,7.1,8.1
"KRISHNA - ANKALI BRIDGE
ALONG CHIKKODI KAGWAD ROAD",KARNATAKA,23,29,1,5.9,9.2,7.5,8.4
"KRISHNA D/S OF NARAYANPURA
DAM",KARNATAKA,24,41,0,4.8,9.9,7.9,8.7
KRISHNA AT TINTINI BRIDGE,KARNATAKA,26,29,1,7,7.2,7,8.6
"KRISHNAD/S OF DEVASAGAR
BDG.",KARNATAKA,27,32,1,6.8,8.4,7.5,8.4
KRISHNA D/S OF ALAMATTI DAM,KARNATAKA,24,41,0,5.1,9.9,8.3,8.6
"BHIMA D/S OF ROAD BRIDGE AT
GANGAPUR VILLAGE",KARNATAKA,28,29,1,5.9,6.9,7.9,8.5
BHIMA D/S FEROZABAD VILLAGE,KARNATAKA,28,29,1,6,6.9,7.9,8.6
"BHIMA AT CONFLUENCE OF
JEWARGI TOWN SEWAGE
DISPOSAL POINT",KARNATAKA,29,29,1,5.9,6.8,7.8,8.4
"BHIMA D/S OF BDG. NEAR
YADGIR",KARNATAKA,27,33,1,6.5,7.8,7.5,8.3
"GHATPRABHA D/S OF MUDHOL
RD. CROSS BDG",KARNATAKA,23,36,0,5.2,7.9,6.8,7.6
"GHATPRABHA AT W.A. POINT TO
GOKAK TOWN",KARNATAKA,24,29,1,4.4,9,7.1,8.1
"MALPRABHA D/S OF KHANAPUR
VILLAGE",KARNATAKA,22,31,1,6.4,8.9,7.4,8.5
"MALPRABHA AT WATER ABSTR. PT.
TO HUBLI, DHARWAR",KARNATAKA,26,36,0,6.7,10.7,7.4,8.1
"MALPRABHA D/S OF AIHOLE
TOWN",KARNATAKA,23,33,1,5.9,8.9,7.3,7.9
MALPRABHA AT BADAMI BRIDGE,KARNATAKA,24,30,1,6.3,8.9,7.3,7.8
"TUNGHABHADRA AT HONNALI
BRIDGE",KARNATAKA,24,31,1,6,7.6,7.4,8
"TUNGHABHADRA AT HARALAHALLI
BRIDGE",KARNATAKA,6.3,31,1,6.3,8.2,7.4,8.4
TUNGHABHADRA AT ULLANUR,KARNATAKA,24,35,0,6.7,8.2,7.2,7.8
TUNGABHADRA AT NEW BRIDGE,KARNATAKA,24,31,1,6.2,8.4,7.2,7.9
TUNGABHADRA U/S OF HPF,KARNATAKA,24,31,0,6.1,8.3,6.8,8
TUNGABHADRA D/S OF HPF,KARNATAKA,25,33,1,4.6,7.5,7.1,7.9
"TUNGABHADRA AT JACKWELL
POINT",KARNATAKA,25,33,1,4.8,7,7.1,8.2
"TUNGABHADRA AT HARIHAR
WATER SUPPLY INTAKE",KARNATAKA,25,32,1,5.5,8.9,7.1,8.2
TUNGHA D/S OF SHIMOGA TOWN,KARNATAKA,24,33,1,6.1,7.4,7.8,8.4
"KAGINA D/S OF SEWAGE DISPOSAL
POINT",KARNATAKA,25,29,1,5.9,7,7.3,8.2
"CONFLUENCE POINT OF TUNGA
AND BHADRA AT KUDLI",KARNATAKA,23,32,1,6.2,8,7,8.2
"BHADRA D/S MALLESWARAM OF
KIOCL",KARNATAKA,17,29,1,5.2,6.11,7,7.8
BHADRA D/S OF BHADRAVATHI,KARNATAKA,24,33,0,4.9,7.6,6.7,8.2
"BHADRA D/S OF KIOCL ROAD
BRIDGE, NEAR HOLEHUNNUR",KARNATAKA,22,35,0,5.2,8,7,8.2
"BHADRA U/S OF MPM,",KARNATAKA,24,30,1,6,7.9,7,8.1
BHADRA U/S OF KIOCL,KARNATAKA,16,28,1,5.3,6.2,7.9,8.4
KAGINA AT SHAHABAD BRIDGE,KARNATAKA,26,29,1,5.9,7,7.3,8.3
ASANGI NALLA AT ASANGI VILLAGE,KARNATAKA,25,37,0,6,8.1,7.5,8.4
"TUNGABHADRA D/S OF
GANGAWATHI",KARNATAKA,24,35,0,6.6,8,6.9,8.5
CAUVERY D/S NAPOKULU BDG,KARNATAKA,20,32,1,5.7,8,6.8,8.5
"CAUVERY U/SKUSHAL NAGAR
(NEAR BAICHANAHALLI)",KARNATAKA,21,32,1,6.3,8.4,8,8.5
"CAUVERY AT KRS DAM,
BALAMURIKSHETRA",KARNATAKA,23,28,1,5.2,7.8,7.8,8.5
"CAUVERY AT SATHYAGALAM
BRIDGE",KARNATAKA,25,31,1,5.5,8,7.6,8.5
"CAUVERYD/S SRI
RANGAPATTANNA, OF ROAD BDG",KARNATAKA,24,28,1,4.2,7,7.9,8.5
"CAUVERY D/S OF KAREKUARA
VILLAGE",KARNATAKA,23,28,1,5.2,8.4,7.3,8.5
CAUVERY AT BANNUR BRIDGE,KARNATAKA,20,32,1,4.8,7.9,7.8,8.5
CAUVERY AT RANGANATHITTU,KARNATAKA,22,27,1,5.5,8.4,7.9,8.5
KRS DAM MANDYA,KARNATAKA,23,28,1,6.1,7.7,7.5,8.5
D/S OF KR NAGAR BRIDGE,KARNATAKA,21,31,1,4.9,7.7,7.9,8.5
U/S OF KR NAGAR,KARNATAKA,21,31,1,5.2,8,7.2,8.2
D/S OF KUSHALANAGAR TOWN,KARNATAKA,20,32,1,6.6,8.1,8.2,8.5
"D/S OF CAUVERY MADDUR WATER
SUPPLY TREATMENT PLANT AT
BACHALLI",KARNATAKA,22,27,1,6.2,7.8,6.7,7.8
"NETRAVATHI U/S OF
DHARMASTALA AT WATER SUPPLY
INTAKE POINT",KARNATAKA,27,33,1,6.2,6.7,7.4,8.5
"DADESUGUR BRIDGE GAUGING
STATION",KARNATAKA,27,31,1,7,7.2,6.5,7.3
"THUMBE WATER SUPPLY STATIONS
TO MANGALORE CITY",KARNATAKA,25,33,1,6.2,7.2,6.5,7.9
U/S OF UPIINGADY TOWN,KARNATAKA,27,32,1,6.2,7,8.1,8.5
"D/S SHIMSHA NEAR MADDUAR
TOWN",KARNATAKA,23,27,0,2.6,6.8,7.8,8.5
"U/S INTAKE POINT TO
NANJANAGUD & GUNDLUPET AT
DEBUR",KARNATAKA,23,32,1,4.5,7.4,7.3,8.7
"YAGACHI NEAR PUMPING
STATION. HASSAN CITY",KARNATAKA,26,31,1,4.1,8.2,7.3,8.2
"HEMAVATI D/S OF
HOLENARASIPURA TOWN AT
RAMADEVALA WEIR",KARNATAKA,25,32,0,5.1,10.8,6.6,8.7
"SHIMSHA D/S OF HIGHWAY
BRIDGE, YEDIYAR",KARNATAKA,29,33,1,5.6,9.2,8.2,8.5
"SHIMSHA D/S OF BRIDGE,
HALAGUR",KARNATAKA,23,28,0,2,6.5,7,8.2
"ARKAVATHI D/S OF KANAKAPURA
TOWN",KARNATAKA,25,36,0,1.2,4,7.4,8.1
"ARKAVATHI AT T.G. HALLI
RESERVOIR",KARNATAKA,19,31,0,3.4,7.3,7.3,8.4
"LAKSHMANTIRTHA D/S OF
HUNSUR TOWN",KARNATAKA,20,32,0,1.5,5.7,7.8,8.5
"LAKSHMANTIRTHA D/S OF
KATTEMALAVADI",KARNATAKA,22,32,1,4,8,7,8.5
KABBANI D/S SARAGUR VILLAGE,KARNATAKA,20,30,1,4.6,7.9,7.9,8.5
"KABBANI AT WATER INTAKE OF
KIADB AT NANJANGUD",KARNATAKA,20,31,1,4.6,8,7.1,8.5
"KABINI AT BATHING GHAT,
NANJANAGUD",KARNATAKA,21,31,0,3,8.4,6.8,7.5
KABBANI AT MUTHANKARA,KERALA,26,30,1,6,7.6,6.2,8.6
BHAVANI AT ELACHIVAZHY,KERALA,25,32,1,6.2,9.2,7.6,8.8
BETWA U/S BEENA,MADHYA PRADESH,21,34,1,6.4,81,7.6,8.8
BETWA D/S BEENA,MADHYA PRADESH,18,35,1,6.4,8.4,7.4,8.1
SONE AT CHACHAI,MADHYA PRADESH,18,30,1,6.7,8.2,7.3,8.1
SONE AT AMLAI,MADHYA PRADESH,18,31,1,6.8,7.9,6.8,7.8
"SONE AT ORIGINE
AMARKANTAK",MADHYA PRADESH,18,30,1,6,7.1,6.6,8.2
"SONE AT AMLAI, 100 METRE
D/S AFTER MIXING OF ATPS",MADHYA PRADESH,18,31,0,3.2,3.8,7.5,8.1
"SONE AT DEVLOAD OUT- LET OF
BANSAGAR DAM",MADHYA PRADESH,18,31,1,6.8,8.9,7,8.9
"CHAMBAL AT TAL VILLAGE
NEAR BRIDGE, UJJAIN",MADHYA PRADESH,26,27,1,6.9,7.8,7.7,8.4
"CHAMLA AT W/S INTAKE POINT
BADNAGAR, UJJAIN",MADHYA PRADESH,19,31,1,6.5,7.6,7.2,8.6
"CHAMBAL AT NAGDA U/S
(WATER INTAKE POINT)",MADHYA PRADESH,24,28,1,6.8,7.8,7.3,8.4
CHAMBAL D/S NAGDA,MADHYA PRADESH,22,28,1,6.1,7.5,7.2,8.4
"CHAMBAL AT GANDHI SAGAR
DAM, RAMPURA",MADHYA PRADESH,24,31,1,7.2,7.9,7.2,8.5
CHAMBAL AT DHOLPUR,MADHYA PRADESH,22,28,1,7.2,9,7.1,7.6
"PARVATI NEAR INTAKE POINT
PILLUKHEDI DISTT. RAJGARH",MADHYA PRADESH,18,26,1,6.7,8.9,7.4,7.6
"PARVATI A/C OF VINDHYACHAL
NALLA, PILUKHEDI",MADHYA PRADESH,18,32,1,6.2,8.7,7.2,8.9
"GOHAD DAM, GOHAD",MADHYA PRADESH,22,29,0,4.1,8.2,7.1,8.1
"KHAN AT KABIT KHEDI (NEAR
INDORE)",MADHYA PRADESH,22,29,0,2.5,4.8,7,8.8
"KSHIPRA AT RAMGHAT AT
UJJAIN",MADHYA PRADESH,23,29,0,2.3,8,7.6,8.8
"KSHIPRA AT TRIVENISANGAM (1
KM. D/S OF SANGAM)",MADHYA PRADESH,19,29,0,3.6,8.2,7.1,8.7
"KSHIPRA AT SIDDHAWAT (D/S)
OF UJJAIN",MADHYA PRADESH,23,30,0,2.7,8.6,7.3,8.7
SINDH AT DABRA,MADHYA PRADESH,22,30,1,8,10,7.3,7.8
"BICHIA, BRIDGE GOVINDGARH
ROAD",MADHYA PRADESH,18,33,1,5.6,6.9,7,8.1
SANKH AT TIGRA RESERVOIR,MADHYA PRADESH,20,32,1,7.5,8.5,7.4,7.6
BIHAR D/S NEAR FOREST OFFICE,MADHYA PRADESH,18,33,1,6.2,7.6,7.7,8.5
"CHAMBAL AT JAWNPAWA, FROM
ORIGIN POINT, INDORE",MADHYA PRADESH,22,29,1,6.5,7.2,7.1,8.2
"JOHILA NEAR NAROJABAD NEAR
UMARIA ROAD BRIDGE",MADHYA PRADESH,18,31,1,7.2,8.8,7,8.2
"KHAN AT SAKKAR KHADI, INDORE",MADHYA PRADESH,22,29,0,3.4,5.4,7.3,8.2
KHAN AT SANWER,MADHYA PRADESH,21,29,0,3.2,6.2,7.4,8.4
"KSHIPRA AT GAUGHAT, UJJAIN",MADHYA PRADESH,22,31,1,6.5,8,7,8.9
"KSHIPRA AT U/S OF MAHIDPUR CITY,
UJJAIN",MADHYA PRADESH,26,27,1,6.8,7.8,7.4,8.7
"KSHIPRA AT W/S INTAKE POINT OF
DEWAS, UJJAIN",MADHYA PRADESH,21,28,1,5.9,7.8,7.5,8.3
MANDAKINI AT CHITRAKUT,MADHYA PRADESH,17,36,0,5.9,9.6,7.8,8.4
"JAMUNI U/S BARIYAGHAT NEAR
INTAKE POINT, TIKAMGARH",MADHYA PRADESH,21,34,1,6.9,8,7.2,8.3
"SIMRAR AT KATNI NEAR ACC W/S
INTAKE POINT, JABLAPUR",MADHYA PRADESH,17,28,1,6,8,7.4,8.8
"NEWAJ W/S INTAKE POINT,
SHUJALPUR, UJJAIN",MADHYA PRADESH,21,28,0,6,7.4,6.3,8.2
"TONS AT MADHAVGARH, NEAR PHED
W/S INTAKE POINT, SATNA",MADHYA PRADESH,17,37,0,5.8,8.6,7.2,7.7
"TONS AT CHAKGHAT NEAR W/S
PUMPING STATION, REWA",MADHYA PRADESH,20,30,1,6.7,7.8,7.5,7.8
TONS AT CHAKGHAT,MADHYA PRADESH,19,31,0,6,7.8,6.1,8.6
TONS AT MADHAVGARH,MADHYA PRADESH,17,36,0,5.7,7.7,7.5,8.5
MAHI AT BADNAWAR,MADHYA PRADESH,23,29,1,6.9,7.8,7.3,8.7
"MAHI AT RANISINGH VILLAGE,
RATLAM, UJJAIN",MADHYA PRADESH,19,31,1,6.8,9.5,7.4,8.6
"SHIVNA AT RAMGHAT,
MANDSAUR",MADHYA PRADESH,23,31,1,7,7.6,7.8,8.5
"JAMMER AT DHOLOWAD, RATLAM",MADHYA PRADESH,19,31,1,6.8,8.1,7.4,8.8
MALEI AT JAORA,MADHYA PRADESH,19,30,1,6,7.6,7.5,9
CHILLAR AT SHAJAPUR,MADHYA PRADESH,21,30,1,4.8,7.4,7.2,7.9
"NARMADA NEAR SOURCE AT
AMARKANTAK",MADHYA PRADESH,18,30,1,6.6,9.6,7.2,8.1
"NARMADA AT AMARKANTAKE
FROM ORIGIN POINT, REWA",MADHYA PRADESH,19,30,1,7.5,9.6,7.3,8
"NARMADA AT D/S OF
KAPILDHARA",MADHYA PRADESH,18,30,1,7.1,8.4,7.3,8.4
"NARMADA AT MANDLA NEAR
ROAD BDG",MADHYA PRADESH,21,23,1,7.4,7.8,7.2,8.4
"NARMADA AT MANDLA, NEAR
SHAMSHANGHAT, JABALPUR",MADHYA PRADESH,20,24,1,7.4,7.8,7.1,8.3
"NARMADA LALPUR, JABALPUR",MADHYA PRADESH,21,24,1,7.3,7.9,7.2,8.3
"NARMADA AT LALPUR, NEAR
WATER SUPPLY INTAKE POINT,
JABALPUR",MADHYA PRADESH,21,28,1,7.2,7.9,7.1,8.8
"NARMADA AT PANCHWATIGHAT,
BEFORE MIXING WITH
BAWANGANGA JABALPUR",MADHYA PRADESH,20,27,1,6.9,7.9,7.2,8.3
"NARMADA AT SARSWATIGHAT,
AFTER MIXING WITH
BAWANGANGA JABALPUR",MADHYA PRADESH,21,28,1,6.8,7.9,7.2,8.4
NARMADA AT NARSINGHPUR,MADHYA PRADESH,19,26,1,7.3,8,6.7,8.1
NARMADA AT SETHANIGHAT,MADHYA PRADESH,22,28,1,6.2,7.2,7.3,8.2
RIVER NARMADA AT NEMAWAR,MADHYA PRADESH,21,27,1,6.8,7.6,7.5,8.5
"RIVER NARMADA NEAR PUNASA
DAM, PUNASA",MADHYA PRADESH,21,29,1,6.8,8,7.3,8.5
"NARMADA AT D S OF
OMKARESHWAR",MADHYA PRADESH,22,29,1,6.8,7.9,7.6,8.4
"RIVER NARMADA NEAR
MORTAKKA BRIDGE, BADWAH",MADHYA PRADESH,21,29,1,6.8,8.2,7.5,8
NARMADA AT MANDLESHWAR,MADHYA PRADESH,22,26,0,4.2,4.6,7.9,8.5
NARMADA AT MAHESHWAR,MADHYA PRADESH,19,31,1,7.1,8.4,7.6,8.5
NARMADA AT BADWANI,MADHYA PRADESH,18,30,1,6.9,8.1,7.2,8.4
"BANJAR AT MALANJKHAND NEAR
W/S INTAKE POINT, JABALPUR",MADHYA PRADESH,20,30,1,7.3,7.9,7.9,8.5
"CHOTA TAWA B/C, WITH
NARMADA",MADHYA PRADESH,22,29,1,6.9,7.9,7.1,8.4
"GOUR RIVER BHOGA DOOR,
JABALPUR",MADHYA PRADESH,20,25,1,7.1,7.8,7.1,8.3
KATNI NEAR NAGAR NIGAM,MADHYA PRADESH,17,28,1,6.3,7.9,7.2,8.4
RIVER KUNDA AT KHARGONE,MADHYA PRADESH,23,28,1,5.7,6.9,7.8,8
TAPI AT NEPANAGAR,MADHYA PRADESH,18,29,1,6.6,7.9,7.5,8.7
TAPI AT BURHANPUR,MADHYA PRADESH,19,29,1,6.2,7.6,7.8,8.7
TAPI AT HATHNUR,MADHYA PRADESH,19,30,1,6.4,7.4,7.7,8.7
"TAPTI AT NEPA NAGAR 100
METRE D/S AFTER MIXING
PANDHAR NALLA",MADHYA PRADESH,19,30,1,6.5,7.5,7.2,8.8
WAINGANGA AT BALAGHAT,MADHYA PRADESH,19,24,1,7,7.8,7.5,8
WAINGANGA AT CHINDWARA,MADHYA PRADESH,15,30,1,6.9,7.2,7.4,8.3
"WAINGANGA AT CHHAPARA,
NEAR W/S INTAKE POINT,
JABALPUR",MADHYA PRADESH,19,24,1,7,7.7,7.4,8.4
"WAINGANGA AT CHHAPARA,
NEAR ROAD BRIDGE AFTER MIXI",MADHYA PRADESH,19,24,1,6.3,7.5,7.4,8.2
"KANHAN AT CHINDWARA BEFORE
MIXING BOREGAON GROWTH",MADHYA PRADESH,16,30,1,6.9,7.2,7.2,8.2
TAPI AT AJNAND VILLAGE,MAHARASHTRA,22,26,1,5.4,7.2,7.1,8
TAPI AT BHUSAWAL US,MAHARASHTRA,21,25,1,5.4,7.2,7.2,8.2
TAPI AT UPHAD VILLAGE,MAHARASHTRA,21,22,1,5.9,7,7.2,8
GIRNA AT JALGAON,MAHARASHTRA,20,22,1,4.4,6.7,7,8.1
"GIRNA AT MALEGAON
(MANMAD)",MAHARASHTRA,20,26,1,4.2,7,7.2,7.9
RANGAVALI D/S OF NAVAPUR,MAHARASHTRA,20,21,1,6.8,7,7,8.9
"PURNA A/C OF MORNA,
NANDURA VILLAGE",MAHARASHTRA,25,28,1,5.5,7.4,7.4,7.4
"AMRAVATI D/S OF DONDAICHA,
DHULE",MAHARASHTRA,22,22,1,7,7,7.1,7.6
"BORI D/S OF AMALNER, JALGAON",MAHARASHTRA,23,24,0,2.9,6.9,7.4,7.4
"BURAI B/C TO TAPI MUKUDAS,
DHULE",MAHARASHTRA,23,23,1,7.1,7.1,7.2,7.2
"GOMAI D/S OF SHAHADA, DHULE",MAHARASHTRA,22,22,1,6.8,6.8,7.3,7.8
"HIWARA D/S OF PACHORA,
JALGAON",MAHARASHTRA,21,24,0,3.6,7,7.4,7.8
"MOR NEAR PADALSHE, JALGAON",MAHARASHTRA,22,23,0,5.2,6.8,6.9,8.9
"MORNA D/S RAILWAY BRIDGE,
AKOLA",MAHARASHTRA,22,28,0,2.2,7.6,7,7.8
"PANZARA NEAR PANZARAKAN
SSK LTD, PANZARA, DHULE",MAHARASHTRA,20,20,1,5.3,6.9,7.3,8.8
"PEDHI NEAR ROAD BRIDGE AT
DADHI-PEDHI VILLAGE, BHATKULI,
AMRAVATI",MAHARASHTRA,20,41,0,2.6,7,7.6,7.8
"TITUR D/S OF CHALISGAON,
JALGAON",MAHARASHTRA,22,24,1,5.4,6.7,7.1,7.5
"WAGHUR B/C SAKEGAON WITH
TAPI JALGAON",MAHARASHTRA,21,22,1,4.9,7,7.2,9
"GODAVARI AT JAYAKWADI DAM,
AURNAGABAD, MAHARASHTRA",MAHARASHTRA,20,24,1,6.1,7.8,7.7,8.8
"GODAVARI RIVER AT U/S OF
PAITHAN AT PAITHAN INTAKE
PUMP HOUSE AT JAYAKWADI",MAHARASHTRA,20,24,1,6.6,7.6,8.2,8.4
"BINDUSARA AT BEED NEAR
INTAKE WATER PUMP HOUSE AT
DAM, PALIGAON, BEED",MAHARASHTRA,25,32,1,6.9,7.1,7,8.7
"WARDHA D/S OF ERAI HADASTI,
CHANDRAPUR",MAHARASHTRA,18,41,0,6,7,7,8.7
"WARDHA U/S OF ERAI RIVER
HADASTI, CHANDRAPUR",MAHARASHTRA,18,41,0,6.2,7.8,6.6,8.7
"WARDHA U/S OF ACC GHUGGUS. ,
CHANDRAPUR",MAHARASHTRA,16,41,0,6,7.8,6.8,8.7
WARDHA D/S OF ACC GHUGGUS,MAHARASHTRA,20,41,0,6,7.7,7,8.6
"WARDHA AT CONFLUENCE POINT
OF PENGANGA & WARDHA AT
JUAD",MAHARASHTRA,18,40,0,5.6,7.6,7.2,8.8
WARDHA AT RAJURA BRIDGE,MAHARASHTRA,20,41,0,4.5,7.4,6.7,8
WAINGANGA A/C WITH KANHAN,MAHARASHTRA,17,40,0,5.2,7.4,6.8,8.8
"WAINGANGA U/S OF ELLORA
PAPER MILL.",MAHARASHTRA,12,45,0,5.6,8.5,6.8,8
"WAINGANGA D/S OF ELLORA
PAPER MILL.",MAHARASHTRA,12,45,0,4.6,7,7,8.7
"WAINGANGA U/S OF GAURAV
PAPER MILLS, NEAR JACKWELL.",MAHARASHTRA,20,41,0,6.1,7.8,7,8.7
"WAINGANGA D/S OF GAURAV
PAPER MILLS, NEAR JACKWELL.",MAHARASHTRA,20,41,0,5.4,7.3,7,8.7
WAINGANGA AT ASHTI,MAHARASHTRA,20,41,0,6.4,7.7,7,8.1
"KOLAR B/C TO KANHAN AT
KAMPTEE",MAHARASHTRA,25,41,0,5.6,8.2,6.5,8
KANHAN D/S OF NAGPUR,MAHARASHTRA,19,42,0,4.8,8.4,7,8
"KANHAN U/S OF M/S VIDHARBHA
PAPER MILL, SINORA",MAHARASHTRA,25,41,0,5.5,8.1,6.7,8
"KANHAN D/S OF M/S VIDHARBHA
PAPER MILL, SINORA",MAHARASHTRA,25,41,0,5.1,8.1,7,8.2
PURNA AT DHUPESHWAR,MAHARASHTRA,23,39,0,5.5,8.5,6.9,8.1
"NIRA AT PULGAON COTTON MILL,
WARDHA",MAHARASHTRA,22,43,0,3.1,7.6,7.5,8.3
"MANJRA D/S OF LATUR NEAR
LATUR-NANDED BRIDGE,
BHATKHEDA, LATUR",MAHARASHTRA,19,22,1,6.9,7.2,7.1,7.7
"DARNA AT CHEHEDI PUMPING
STATION, CHEHEDI, NASHIK",MAHARASHTRA,20,33,1,6.2,7.1,7,8
"DARNA AT ASWALI (DARNA DAM),
LGATPURI, NASHIK",MAHARASHTRA,20,33,1,6.2,7.5,7.2,7.9
"DARNA AT MES SITE PUMPING
STATION, BHAGUR, NASHIK",MAHARASHTRA,20,33,1,6.4,7.5,7.3,7.8
"DARNA AT BHAGUR PUMPING
STATION NEAR PANDHURLI
BRIDGE, BHAGUR, NASHIK",MAHARASHTRA,20,33,1,4.2,7.1,7.2,8.1
"DARNA AT SANSARI , NASHIK",MAHARASHTRA,20,36,0,5.4,7.5,7,8.8
"PENGANGA NEAR WATER SUPPLY
SCHEME OF UMARKHED MC
BELKHED, UMARKHED, YAVATMAL",MAHARASHTRA,19,41,0,6,7.8,7,8.7
"PENGANGA D/S OF ISAPUR DAM,
ISAPUR, PUSAD, YAVATMAL",MAHARASHTRA,19,41,0,6,7.7,7,7.9
"PENGANGA AT MEHKAR-
BULDANA ROAD BRIDGE,
MEHKAR, BULDANA",MAHARASHTRA,20,41,0,2.5,6.9,6.9,8
"WENA U/S OF MOHATA MILLS,
NEAR RAILWAY BRIDGE,
HINGANGHAT",MAHARASHTRA,19,42,0,5.7,7.8,6.7,8.2
"WENA D/S OF MOHATA MILLS, NR
RD BRG ON HINGANGHAT-
WADNER ROAD",MAHARASHTRA,20,44,0,4.3,7,7.1,8.4
"KRISHNA AT MAHABALESHWAR
DHOM DAM NEAR KOINA DAM",MAHARASHTRA,20,29,1,4.1,7.2,7.1,8
KRISHNA AT RAJAPUR WEIR,MAHARASHTRA,21,26,1,4.8,7.4,6.9,8.3
"KRISHNA AT KRISHNA BRIDGE,
KARAD",MAHARASHTRA,23,29,0,2.5,6.82,7.1,8
KRISHNA D/S ISLAMPUR,MAHARASHTRA,20,30,1,5.2,7.3,6.8,7.6
KRISHNA AT SANGLI,MAHARASHTRA,20,28,1,5.8,7.1,6.8,8
"KRISHNA AT KURUNDWAD IN
KOLHAPUR",MAHARASHTRA,21,26,1,4.2,7,7.5,8.4
KRISHNA AT KSHETRA MAHULI,MAHARASHTRA,21,26,0,2.6,7.2,7.4,8.5
"KRISHNA AT KRISHNA-VENNA
SANGAM AT MAHULI",MAHARASHTRA,22,28,0,3.4,6.9,7.1,8.2
KRISHNA AT WAI,MAHARASHTRA,23,29,0,3.7,6.9,7.2,7.9
"PANCHAGANGA AT
ICHALKARANJI",MAHARASHTRA,20,26,0,4,7.1,6.8,8
"PANCHAGANGA AT SHIROL NEAR
SHIROL INTAKE WELL.",MAHARASHTRA,21,26,1,4.8,7.2,6.9,8.1
"PANCHAGANGA U/S OF
KOLHAPUR TOWN",MAHARASHTRA,18,26,1,4.5,7,6.8,8.1
"PANCHAGANGA D/S OF
KOLHAPUR TOWN",MAHARASHTRA,19,26,1,4.7,6.9,6.9,8.1
BHIMA U/S VITHALWADI PUNE,MAHARASHTRA,23,29,0,2.7,6.3,7.2,8.5
"BHIMA AT KOREGAON NEAR
KOREGAON BRIDGE, SHIRUR,
PUNE",MAHARASHTRA,21,37,0,2.9,7.1,7.2,8.4
"BHIMA -BACKWATER OF UJANI
DAM NEAR RAW WATER PUMP
HOUSE, KUMBARGAON,
INDAPUR, PUNE",MAHARASHTRA,23,30,0,2.9,6.2,6.8,8.1
"BHIMA D/S, OF BUNDGARDEN
PUNE",MAHARASHTRA,25,30,0,0.8,6,7.1,8.3
"BHIMA AT PARGAON (A/CWITH
MULE MARTHA)",MAHARASHTRA,21,30,0,2.2,6.3,7.1,8.8
BHIMA A/C WITH DAUNT,MAHARASHTRA,22,30,0,1.3,6.4,7.7,8.7
"BHIMA AT NARSINGHPUR, (D/S
OF A/C WITH NIRA)",MAHARASHTRA,22,30,1,5.1,6.1,7.5,8.5
BHIMA AT TAKLI,MAHARASHTRA,22,38,0,3.9,6.2,7.1,8.7
"NIRA D/S OF JUBILANT
ORGANOSIS, PUNE",MAHARASHTRA,24,30,0,1.1,6,6.8,8
"VENNA AT MAHABALESHWAR,
SATARA",MAHARASHTRA,18,24,1,4.6,7.1,7,8
"MUTHA AT SANGAM BRIDGE
NEAR GANAPATHY GHAT",MAHARASHTRA,25,30,0,2,5.9,7,8
"MUTHA NEAR VEER SAVARKAR
BHAVAN, PUNE",MAHARASHTRA,25,30,0,0.5,4.5,7,8
"MUTHA AT DECCAN BRIDGE,
DECCAN, PUNE",MAHARASHTRA,25,37,0,2.6,5.4,7,8.2
"MUTHA AT KHADAKVASLA DAM,
KHADAKVASLA, HAWELI, PUNE",MAHARASHTRA,22,38,0,5.5,7,6.9,8.2
"PAWANA AT SANGAVIGAON,
PUNE",MAHARASHTRA,20,32,0,0.9,7.1,7.1,8.3
"PAWANA AT KASARWADI,
HAWELI, PUNE",MAHARASHTRA,22,30,0,0.5,6.1,7,8.2
"PAWANA AT PIMPRIGAON,
HAWELI, PUNE",MAHARASHTRA,20,32,0,0.5,6,7,8.4
"INDRAYANID/S OF ALANDIGAON,
PUNE",MAHARASHTRA,21,37,0,0.9,6,7.2,8.4
"INDRAYANI AT D/S OF
MOSHIGAON, HAWELI, PUNE",MAHARASHTRA,21,28,0,1.3,6.2,7,8.4
"INDRAYANI U/S OF MOSHIGAON,
HAWELI, PUNE",MAHARASHTRA,21,35,0,2.6,6.3,7.7,8.5
"CHANDRABHAGA U/S OF
PANDHARPUR TOWN",MAHARASHTRA,22,38,0,4.2,6.5,7.5,8.5
"CHANDRABHAGA D/S OF
PANDHARPUR TOWN",MAHARASHTRA,22,38,0,1.2,6.2,7.4,8.6
"GHOD AT SHIRUR, PUNE",MAHARASHTRA,22,25,0,3.8,8,7.6,8.1
"SINA NEAR LABOTI TOLL NAKA,
LABOTI, MOHAL, SOLAPUR",MAHARASHTRA,22,22,1,5.7,8,7.1,8.3
"URMODI NAGTHANE, SATARA",MAHARASHTRA,23,27,0,2.5,6.4,7.3,8.4
"VEL AT SHIKRAPUR, SHIRUR,
PUNE",MAHARASHTRA,20,28,0,0.8,2,7,8.4
"DHANSIRI, FULL NAGARJAN",NAGALAND,17,32,0,0.7,6.8,7,7.8
"DHANSIR,BRIDGE NEAR
PURANA BAZAAR",NAGALAND,18,33,0,0.7,6.7,7,7.7
"NEAR CHECK GATE
(DIMAPUR KHUTKHUTI
ROAD)",NAGALAND,18,34,0,0.8,7.5,6.5,7.7
"DHANSIR, TOWN
BOUNDARY BRIDGE (DIPHU
ROAD)",NAGALAND,16,31,0,0.6,6.6,6.5,7.7
"DHANSIR, NUTON BASTI",NAGALAND,16,32,0,0.2,4.5,7,8.1
"DHANSIRI AT NAGALAND-
ASSAM BORDER, DIMAPUR",NAGALAND,18,33,0,0.2,5.3,7.4,9
"CHATHE AT MEDZIPHEMA,
DIMAPUR",NAGALAND,20,32,0,0.8,7.1,7.5,9.2
DZU D/S KOHIMA TOWN,NAGALAND,14,27,0,1.1,7.2,7.4,8.3
"MAHANADI AT HIRAKUD
RESERVOIR",ODISHA,18,35,0,5.3,8,7.5,8.3
"MAHANADI U/S
SAMBALPUR",ODISHA,17,36,0,5.6,9.3,7.4,8.4
MAHANADI D/S SAMBALPUR,ODISHA,20,38,0,4.4,8.7,7.4,8.4
SAMBHALPUR FDS AT HUMA,ODISHA,22,39,0,6.3,9.7,7.5,8.5
"MAHANADI D/S (A/C WITH R.
ONG SONEPUR U/S)",ODISHA,23,41,0,6.6,9.1,7.5,8.4
"MAHANADI A/C WITH R.TEL
(SONEPUR D/S)",ODISHA,23,42,0,6.2,10.3,7.5,8.4
MAHANADI AT TIKARPADA,ODISHA,17,44,0,6,10.3,7.3,8.4
MAHANADI AT NARSINGHPUR,ODISHA,23,42,0,6.6,8.7,7.2,8.5
MAHANADI U/S CUTTACK,ODISHA,23,40,0,6.3,9.1,7.4,8.5
MAHANADI D/S CUTTACK,ODISHA,22,41,0,6,8.9,7.5,8.4
"MAHANADI, MUNDALI(WATER
INTAKE POINT OF BHUBANESWAR
CITY",ODISHA,22,38,0,6.1,8.9,7.6,8.3
"MAHANADI, POWER CHANNEL
D/S NEAR BURLA",ODISHA,17,34,0,4.9,7.7,7.3,8.3
"MAHANADI, PARADEEP U/S
(BEFORE INDUSTRIAL ACTIVITY AT
PARADEEP)",ODISHA,23,35,0,6,8.1,7.4,8.2
MAHANADI D/S PARADEEP,ODISHA,24,34,1,5.6,7.1,7,8.4
BIRUPA AT CHOUDWAR,ODISHA,23,33,0,3.8,9.6,6.6,8.4
"MAHANADI, BHUBANESWAR FD/S
( 2 KM A/C OF GANGUA NALLAH
WITH DAYA)",ODISHA,25,40,0,3.2,7.7,7.2,8.4
IB D/SBRAJRAJNAGAR (INTAKE),ODISHA,20,42,0,6.2,9.3,7.2,8.3
IB U/S RAJ NAGAR,ODISHA,20,43,0,6.4,9.7,7.5,8.4
BHEDEN B/C WITH IB,ODISHA,18,42,0,6.3,9,6.7,8.4
KATHAJODI D/S CUTTACK,ODISHA,22,37,0,4.5,8.9,6.4,8.4
KUAKHAI U/S BHUBANESWAR,ODISHA,24,41,0,5.7,9,6.6,8.1
KUAKHAI D/S BHUBANESWAR,ODISHA,25,40,0,3.1,8.5,7,8.4
"KUAKHAI, FU/S BHUBANESWAR",ODISHA,24,41,0,7.2,9.8,6.9,8.4
"SERUA, FDS CUTTACK,
SANKHATRASA",ODISHA,22,36,0,4.9,9,7.6,8.4
TEL AT MANAMUNDA,ODISHA,22,42,0,6.4,9.7,7.1,8.3
BRAHMANI U/S PANPOSH,ODISHA,13,37,0,5.8,9,7.6,8.4
"BRAHMANI AT KAMALANGA,
ORISSA",ODISHA,21,42,0,5.6,8.5,7.7,8.4
"DHENKANAL D/S, DHENKANAL
TOWN",ODISHA,19,43,0,6.3,9.5,6.7,8.4
BRAHMANI AT BHUBAN,ODISHA,20,40,0,5.8,9.1,6.9,8.5
"KABATABANDHA (BEFORE IMPACT
OF INDUSTRIAL ACTIVITY IN
KALINGANAGAR AREA)",ODISHA,20,41,0,6.2,9.2,7.6,8.5
BRAHMANIU/S DHARMASHALA,ODISHA,24,37,0,6.2,9.4,7.6,8.4
BRAHMANI AT PATTAMUNDAI,ODISHA,26,41,0,6,9,7.1,8.4
"KHANDITARA (D/S OF
INDUSTRIAL ACTIVITIES AT
KALINGA NAGAR)",ODISHA,25,37,0,5.7,8.4,7.1,8.3
KHARSROTA AT AUL,ODISHA,23,41,0,5.9,9.7,7.2,8.2
KOEL U/S (A/C OF KARO),ODISHA,12,39,0,5.8,8.3,7.1,8.3
BAITARNI AT JODA,ODISHA,18,38,0,5.6,8.5,7.5,8.4
BAITARNI AT ANANDPUR,ODISHA,13,38,0,6.2,8.6,7.4,8.3
BAITARNI AT JAJPUR,ODISHA,23,37,0,5.4,8.8,7.2,8.3
"BAITARNI AT CHANDBALI,",ODISHA,23,40,0,5,7.8,7.1,8.2
BAITARNI AT DHAMRA,ODISHA,23,33,1,5,6.5,7.8,8.4
"KUSEI BEFORE JOINING WITH
BAITARANI RIVER AT
ANANDPUR",ODISHA,13,34,1,6.1,9.5,7.8,8.5
"SUBARNAREKHA AT RAJGHAT
NEAR BIHAR BORDER",ODISHA,21,34,1,5.6,8.8,7.3,7.8
BEAS AT TALWARA H/W,PUNJAB,12,21,1,7.2,8.1,7,7.6
BEAS U/S PATHANKOT,PUNJAB,12,23,1,6,7.8,7.1,7.6
BEAS D/S PATHANKOT,PUNJAB,11,22,1,7,7.8,7,7.5
"BEAS AT 1KM.D/S OF EFFL.
DISH. POINT AT MUKERIAN",PUNJAB,10,22,1,5,6.4,7.2,7.6
"BEAS AT G.T.ROAD UNDER
BDG. NEAR KAPURTHALA",PUNJAB,11,21,1,7.3,7.8,7.2,7.8
BEAS U/S GOINDWAL,PUNJAB,12,23,1,7.2,7.6,7,7.6
"BEAS 100M D/S INDUST.
DISCH. GOINDWAL",PUNJAB,12,22,1,7.1,7.8,7,7.7
"BEAS AT HARIKE, PUNJAB",PUNJAB,12,23,1,7.4,7.8,6.8,7.1
"EAST KALI BEIN FALLING
INTO RIVER BEAS",PUNJAB,13,24,0,1.8,2.5,7.3,8.1
"SATLUJ 100M U/S OF
HEADWORKS, NANGAL",PUNJAB,16,25,1,7.9,8.5,7.6,8
"SATLUJ 100M D/S , NANGAL",PUNJAB,17,22,1,7.7,8.2,7.2,8.6
SATLUJ 1 KM. D/S OF ZENITH,PUNJAB,16,27,1,7.2,7.8,7.7,8.3
SATLUJ D/S KIRATPUR SAHIB,PUNJAB,15,27,1,7.5,8.4,7.3,8
"SATLUJ U/S HEAD WORKS
ROPAR",PUNJAB,16,27,1,7.8,7.9,7.6,8.2
SATLUJ D/S NFL,PUNJAB,15,24,1,7.6,8.2,7.6,8.3
"SATLUJ U/S BUDHA NALLAH
(UPPER)",PUNJAB,19,31,1,6.4,7.8,7.2,7.9
"SATLUJ 100M D/S BUDHA NALA
CONFL., LUDHIANA",PUNJAB,19,33,0,2.6,5.8,7.4,7.9
"SATLUJ AT BOAT BDG.
DHARMKOTNAKODAR ROAD,
JALANDHAR",PUNJAB,19,29,1,5.4,7.6,6.6,7.1
SATLUJ D/S EAST BEIN BASIN,PUNJAB,11,24,0,1,3.2,7.2,7.9
"SATLUJ U/S HUSSANIWALA -
H/W FEROZEPUR",PUNJAB,14,28,1,7.2,7.8,7.3,8
"SATLUJD/S HUSSANIWALA-H/W
FEROZEPUR",PUNJAB,14,27,1,7,7.8,7.5,8
"SATLUJ, 100 MT. D/S OF PACL,
NANGAL",PUNJAB,15,24,1,7.6,8,7,7.6
"SATLUJ AT BRIDGE HARIKE,
AMRITSAR",PUNJAB,12,24,0,4.8,5.6,7.4,7.8
"RAVI U/S OF MADHOPUR H/W,
GURDASPUR",PUNJAB,10,22,0,7,8.1,7.5,9.8
"CHAMBAL ENTERING IN
RAJASTHAN AT GANDHI SAGAR
DAM, KOTA",RAJASTHAN,18,31,0,4.6,6.7,7.7,8.8
"CHAMBAL AT KOTA U/S (INTAKE
PT. NEAR BARRAGE)",RAJASTHAN,19,30,0,5.5,7.1,7.9,9.1
"CHAMBAL AT KOTA D/S (2 KM.
FROM CITY)",RAJASTHAN,19,31,0,4.5,6.8,7.9,9
"CHAMBAL AT
RAMESHWARGHAT NR.
SAWAIMADHOPUR",RAJASTHAN,13,34,0,4.9,6.1,8,9
"PARVATI B/M CHAMBAL AT
KHATOLI, KOTA",RAJASTHAN,17,31,1,5,7.4,8,8.8
"KALI SINDH AT ANICUT OF M/S
CFCL GADEPAN, KOTA",RAJASTHAN,16,30,0,4.7,6.3,8.1,8.9
"RIVER KALI SINDH AT BAROD
ROAD BRIDGE, KOTA",RAJASTHAN,16,31,0,4.6,6.9,7.5,9
"BANAS,DHANARI DAM, NEAR
SWAROOPGANJ, SIROHI",RAJASTHAN,16,25,0,4.5,7.3,8.1,9.4
"BANAS,NEAR NEWTA DAM,
JAIPUR",RAJASTHAN,17,30,0,1.9,4.2,7.8,9.4
"BANAS,BISULPUR DAM, TONK",RAJASTHAN,20,34,0,3.6,6.1,7.6,8.6
"CHHAPI ,U/S OF CHHAPI DAM,
JHALAWAR",RAJASTHAN,19,31,0,4.9,5.7,7.6,8.7
"UJAD,U/S OF BHIM SAGAR
DAM, JHALAWAR",RAJASTHAN,18,31,1,5.1,6.3,6.6,8.5
"MAHI (D/S) CONF WITH R. CHAP
(UNDER SAGWARA-SARHI RD.
BDG.)",RAJASTHAN,21,33,0,4.1,6.8,6.6,8.4
CAUVERY AT METTUR,TAMIL NADU,29,32,1,5.7,8.4,7.5,8.8
CAUVERY AT RN PUDUR,TAMIL NADU,27,33,0,1.8,7,7.1,8.3
CAUVERY AT PALLIPALAYAM,TAMIL NADU,25,33,1,5.4,7.5,7.3,8.7
"CAUVERY AT ERODE NEAR
CHIRAPALAYAM, TAMILNADU",TAMIL NADU,26,34,0,0.6,7.2,7.1,8.6
"CAUVERY AT VELORE NEAR
KATTIPALAYAM",TAMIL NADU,25,32,0,5.7,7.7,7.1,9
"CAUVERY AT PUGALUR, KARUR",TAMIL NADU,26,28,0,5.1,7.4,7.3,9.3
"CAUVERY AT MOHANUR NEAR
PATTAIPALAYAM",TAMIL NADU,25,32,1,4.5,6.9,7,8.8
"CAUVERY AT THIRUMUKKUDAL
CONFLUENCE PT. FOR AMRAVATI",TAMIL NADU,27,30,0,5.5,7.7,7.8,9.4
CAUVERY AT MUSIRI,TAMIL NADU,29,32,1,5.7,8.4,7.5,8.8
"CAUVERY AT PETTAIVAITHALAI,
TRICHY",TAMIL NADU,27,30,1,6.5,8.3,7.8,8.6
CAUVERY U/S TIRUCHIRAPALLI,TAMIL NADU,27,29,1,6,8.2,7.8,8.7
CAUVERY D/S TIRUCHIRAPALLI,TAMIL NADU,26,28,0,2.2,7.9,7.3,8.8
"CAUVERY AT GRAND ANICUT,
TRICHY",TAMIL NADU,25,27,0,3.6,8,7.4,8.8
CAUVERY AT THANJAVUR,TAMIL NADU,25,30,1,5.4,7.2,7.1,8.9
"CAUVERY AT MAYILADUTHURAI,
NAGAPATTINAM",TAMIL NADU,24,24,1,8.2,8.2,8.9,8.9
"CAUVERY AT KOMARAPALAYAM,
NAMAKAL",TAMIL NADU,26,33,1,4,7.5,7.1,8.7
"CAUVERY AT URACHIKOTTAI,
ERODE",TAMIL NADU,26,36,0,4.7,8.3,7.2,9
"CAUVERY AT VAIRAPALAYAM,
NAMAKAL",TAMIL NADU,26,33,1,4.1,8.4,7.1,8.6
"CAUVERY AT KUMBAKONAM,
THANJAVU",TAMIL NADU,25,32,1,5.4,7.4,7.5,8.7
CAUVERY AT COLEROON,TAMIL NADU,28,30,0,4,7.6,7.2,9.2
CAUVERY AT PITCHAVARAM,TAMIL NADU,28,30,1,4.1,8.2,7.2,8.6
"BHAVANI AT PATHIRAKALIAMMAN
KOIL",TAMIL NADU,25,27,1,5,7.6,6.4,7.8
BHAVANI AT SIRUMUGAI,TAMIL NADU,25,27,1,6,8,6.7,8
BHAVANI AT BHAVANI SAGAR,TAMIL NADU,23,34,1,5.5,7.8,6.9,8.4
BHAVANI AT BHAVANI,TAMIL NADU,26,34,1,4.8,7.6,7,8.5
"BHAVANI AT D/S OF BHAVANI
SAGAR, SATHYAMANGALAM,
ERODE",TAMIL NADU,24,33,1,4.8,7.7,6.8,8.1
"AMRAVATI AT 1KM D/S FROM
EFF.DIS. PT. AT
MADHUTHUKKULAM",TAMIL NADU,24,27,1,6.1,8,6.9,8.1
"BHAVANI U/S OF KALINGARAYAN
CANAL (B5), ERODE",TAMIL NADU,27,33,1,4.5,6.7,7.2,8.2
"BHAVANI D/S OF KALINGARAYAN
CANAL (B10), ERODE",TAMIL NADU,27,33,1,5.9,7.6,7.6,8.5
"SARABANGA AT SALEM D/S OF
TEXTILE DYING INDUSTRIES
EFFLUENT",TAMIL NADU,25,31,0,3.5,5.4,6.6,8.4
"VASISTA AT SALEM, D/S OF SAGO
INDUSTRIES EFFLUENT",TAMIL NADU,27,34,0,2.1,2.1,6.4,8.1
"GODAVARI D/S KAMALPUR AT
M/S RAYONS LTD. DISCHARGE
POINT, WARANGAL",TELANGANA,19,27,1,5.2,6.2,7.1,8.6
"GODAVARI AT GODAVARIKHANI,
NEAR BATHING GHAT,
KARIMNAGAR",TELANGANA,26,29,1,4.1,5.8,7.1,8.8
"GODAVARI AT BURGAMPAHAD,
KHAMMAM",TELANGANA,17,27,0,3.7,6.9,7.3,8.1
"SABARI AT KUNAVARAM,
KHAMMAM",TELANGANA,19,30,1,5.4,7,7.2,8.1
"MANJEERA AT GOWDICHARLA B/C
WITH NAKKAVAGU",TELANGANA,26,29,1,5.2,8.6,7.4,8.3
"MANJEERA AT GOWDICHARLA A/C
WITH NAKKAVAGU",TELANGANA,26,29,1,5.5,8.3,7.4,7.9
"MANJEERA NEAR GANAPATHI
SUGARS , DIST MEDAK",TELANGANA,25,29,1,6.2,8.6,7.5,8.4
MANJERA AT RAIPALLU,TELANGANA,26,29,1,6.5,8,7.8,8.5
MANER U/S WARANGAL,TELANGANA,18,26,1,5.5,6.2,7.1,8.2
MANER AT SOMNAPALLI,TELANGANA,26,26,1,5.5,6,7.9,8.7
"KINNERASANI A/C OF KTPS ASH
POND EFFLUENTS, KHAMMAM",TELANGANA,16,26,0,4,6.5,7.1,8.6
"THANGADI , MAHABOOBNAGAR
DIST",TELANGANA,18,28,0,4,6.6,7.3,8.3
KRISHNA AT GADWAL BRIDGE,TELANGANA,24,27,0,4,6.8,7.5,8.2
"KRISHNA AT WADAPALLY A/C
WITH MUSI (SHIFTED FROM
1220)",TELANGANA,21,27,1,5.7,8.8,7.4,8.6
MUSI U/S HYDERABAD,TELANGANA,24,29,0,3.5,5.6,7.4,8.3
MUSI D/S HYDERABAD,TELANGANA,24,29,0,1,4.2,7,7.9
"MUSI AT NAGOLE, RANGAREDDY",TELANGANA,24,29,0,1,2,7.1,7.9
"MUSI RESERVOIR AT KASANIGUDA,
NALGONDA",TELANGANA,21,27,0,3.5,8,7.2,9.3
"MUNERU B/C. WITH KRISHNA,
NANDIGAMA",TELANGANA,23,26,0,6.2,6.8,6.5,7.8
"NAKKAVAGU, BACHUGUDEM,
MEDAK",TELANGANA,24,28,0,2.5,6.5,7.1,8.4
"MANU AT MANUGHAT, CONFL
POINT OF CHAWMANU CHARRA &
MANU RIVER, DHALAI",TRIPURA,26,27,0,5.2,6.2,6.1,7
MANU D/SAT KAILASHAHAR,TRIPURA,26,28,1,5.5,7,7.2,8.2
MANU AT KUMARGHAT,TRIPURA,26,28,1,6.9,8.5,7.2,7.6
"GANGA AT
GARHMUKTESHWAR",UTTAR PRADESH,16,26,1,7.1,9.65,7,7.6
GANGA U/S ANOOPSHAHAR,UTTAR PRADESH,18,21,1,7,9.4,7.1,7.5
GANGA D/S ANOOPSHAHAR,UTTAR PRADESH,18,23,1,7,9.4,7.3,7.6
"GANGA AT NARORA
(BULANDSAHAR)",UTTAR PRADESH,19,22,1,6.2,9,7,7.8
"GANGA AT KACHHLA GHAT,
ALIGARH",UTTAR PRADESH,20,21,1,6.4,7.9,7,7.5
"GANGA U/S KANNAUJ
(RAJGHAT)",UTTAR PRADESH,17,33,0,7.4,9.7,6.9,8.4
GANGA D/S KANNAUJ,UTTAR PRADESH,17,33,1,7.5,9.4,7,8.3
GANGA AT BITHOOR (KANPUR),UTTAR PRADESH,16,33,0,7,9.9,6.9,8.4
"GANGA U/S KANPUR
(RANIGHAT)",UTTAR PRADESH,16,33,1,6.6,9.4,7,8.4
"GANGA D/S KANPUR (JAJMAU
PUMPING STATION)",UTTAR PRADESH,16,33,0,4.6,8.8,7.1,8.2
"GANGA AT DALMAU (RAI
BAREILLY)",UTTAR PRADESH,13,28,1,6.1,8.5,7.8,8
"GANGA AT KALA KANKAR,
RAEBARELI",UTTAR PRADESH,17,28,1,6.3,8.7,7.8,8
"GANGA AT ALLAHABAD
(RASOOLABAD)",UTTAR PRADESH,20.3,27.6,1,6.8,8.6,7.9,8.4
"GANGA AT KADAGHAT,
ALLAHABAD",UTTAR PRADESH,20.5,28,1,7,8.4,7.9,8.4
"GANGA AT ALLAHABAD D/S
(SANGAM),",UTTAR PRADESH,21,28,1,7.2,8.4,7.7,8.4
"GANGA U/S, VINDHYACHAL,
MIRZAPUR",UTTAR PRADESH,19,24,0,7.7,8.4,6.5,7.9
GANGA D/S MIRZAPUR,UTTAR PRADESH,19,23,1,7.9,8.5,6.6,7.9
"GANGA U/S VARANASI
(ASSIGHAT)",UTTAR PRADESH,21,31,1,7.4,9.8,7.4,8.5
"GANGA D/S VARANASI
(MALVIYA BRIDGE)",UTTAR PRADESH,21,31,1,6.4,8.6,7.3,8.6
"GANGA AT TRIGHAT
(GHAZIPUR)",UTTAR PRADESH,21,31,1,6.7,8.8,7.3,8.7
"YAMUNA AT KESIGHAT,
VRINDAVAN",UTTAR PRADESH,20,34,0,3.4,9.6,6.8,7.8
YAMUNA U/S MATHURA,UTTAR PRADESH,24,24,0,0.9,5.5,7.5,7.9
"YAMUNA AT VISHRAMGHAT,
MATHURA",UTTAR PRADESH,20,32,0,2.8,5.2,6.7,7.9
YAMUNA D/S MATHURA,UTTAR PRADESH,22,22,0,2.8,6.5,7.6,8
YAMUNA D/S AGRA,UTTAR PRADESH,22,33,0,2.8,16.3,7.1,8.1
YAMUNA AT SHAHPUR,UTTAR PRADESH,18,34,0,4.8,7.6,7.5,8.2
YAMUNA AT BATESWAR,UTTAR PRADESH,23,32,1,6.2,9.2,7.3,7.9
YAMUNA AT ETAWAH,UTTAR PRADESH,22,31,1,6.4,9.6,7.4,7.9
"YAMUNA AT JUHIKA B/C WITH
CHANBAL, ETAWAH",UTTAR PRADESH,21,29,0,5.4,10.8,7.2,7.8
"YAMUNA AT ALLAHABAD D/S
(BALUA GHAT)",UTTAR PRADESH,21,28.5,1,7.4,8.8,7.9,8.3
RAMGANGA B/C AT KANNAUJ,UTTAR PRADESH,17,33,1,6.1,8.9,6.9,8.5
KALINAD B/CI AT KANNAUJ,UTTAR PRADESH,17,33,1,5.9,9.4,7,8.2
"VARUNA AT RAMESHWAR,
VARANASI",UTTAR PRADESH,22,34,1,5.9,9,7.2,8.2
"VARUNA B/C WITH GANGA AT
VARANASI",UTTAR PRADESH,22,34,0,1.5,6.4,7.4,8.6
"SAI AT UNNAO AFTER DRAIN
OUTFALL",UTTAR PRADESH,18,29,1,6.7,8.1,7.1,7.4
"SAI AT JALALPUR, JAUNPUR",UTTAR PRADESH,22,32,1,6.8,8.6,7.2,8.4
"GOMTI AT SITAPUR U/S AT
WATER INTAKE",UTTAR PRADESH,17,36,1,7.8,11.9,7.5,8.7
"GOMTI AT LUCKNOW U/S AT
WATER INTAKE POINT",UTTAR PRADESH,18,36,1,5.4,10.6,7.6,8.5
GOMTI D/S LUCKNOW,UTTAR PRADESH,18,35,0,0.3,4.1,7.4,7.9
GOMTI D/S JAUNPUR,UTTAR PRADESH,22,33,1,7.1,8.8,8,8.6
GOMTI AT VARANASI,UTTAR PRADESH,21,31,1,7.4,9.2,7.2,8.4
"RAPTI AT RAJGHAT,
GORAKHPUR",UTTAR PRADESH,13,31,1,7.2,7.5,7.8,8.2
"RAPTI A/C OF HONIN NR.
DOMINGARH RLY BRIDGE,
GORAKHPUR",UTTAR PRADESH,15,32,1,7.4,8,8,8.2
"SARYU AT AYODHYA AT MAIN
BATHING GHAT",UTTAR PRADESH,18,25,1,7.4,9.9,7.8,7.9
GHAGHARA D/S DEORIA,UTTAR PRADESH,15,31,1,7.5,8,8,8.2
"GHAGHRA AT BARHALGANJ,
GORAKHPUR",UTTAR PRADESH,14,33,1,7.1,7.9,7.8,8.3
RIHAND U/S RENUKUT,UTTAR PRADESH,21,26,1,7.1,7.9,7.2,8.2
RIHAND D/S RENUKUT,UTTAR PRADESH,21,26,1,7.5,8.2,7.3,8.3
HINDON D/S GHAZIABAD,UTTAR PRADESH,16,26,0,0,0,6.7,7.5
"BETWA B/C YAMUNA AT
HAMIRPUR",UTTAR PRADESH,18,34,0,4.8,7.4,7.8,8.4
GOVIND SAGAR,UTTAR PRADESH,19,34,1,5.9,7.2,7.7,8.9
BHAGIRATHI AT GANGOTRI,UTTARAKHAND,5,5,1,9.2,9.2,7.6,7.6
"ALKANANDA B/C MANDAKINI
AT RUDRA PRAYAG",UTTARAKHAND,15,19,1,8.4,9.4,7.5,7.9
"MANDAKINI B/C ALKALNADA
AT RUDRAPRAYAG",UTTARAKHAND,16,18,1,8.6,9.6,7.4,7.9
"ALKANANDA A/C MANDAKINI
AT RUDRAPRAYAG",UTTARAKHAND,16,19,1,8.2,9,7.5,8.1
"ALKANANDA B/C TO
BHAGIRATHI AT DEVPRAYAG",UTTARAKHAND,17,19,1,8.6,9.2,7.5,7.8
"BHAGIRATHI B/C WITH
ALAKNANDA AT DEVPRAYAG",UTTARAKHAND,17,19,1,9,9.6,7.6,7.9
"ALKANANDA A/C WITH
BHAGIRATHI AT DEVPRAYAG",UTTARAKHAND,17,18,1,8.8,9.6,7.5,7.7
GANGA AT RISHIKESH U/S,UTTARAKHAND,16,20,1,9.2,10.6,7.2,7.8
"GANGA A/C OFSONG NEAR
SATYANARAYAN TEMPLE D/S
RAIWALA",UTTARAKHAND,15,21,1,7.6,9.6,7.4,7.7
UPPER GANGA D/S ROORKEE,UTTARAKHAND,15,20,1,8.6,10.6,7.5,7.8
GANGA D/S HARIDWAR,UTTARAKHAND,15,25,0,4,10.6,6.3,7.8
YAMUNA AT YAMUNOTRI,UTTARAKHAND,6,6,0,8.8,8.8,7.5,7.5
"YAMUNA AT
HANUMANCHATTI",UTTARAKHAND,8,8,0,8.6,8.6,7.6,7.6
"YAMUNA U/S OF LAKHWAR
DAM",UTTARAKHAND,19,19,1,8.6,8.6,8.2,8.2
"YAMUNA AT U/S DAK
PATTHAR",UTTARAKHAND,17,20,1,8,8.8,7.6,7.9
GOLA AT HALDWANI,UTTARAKHAND,11,20,1,7,7.8,7.2,7.9
BHALLA U/S KASHIPUR,UTTARAKHAND,18,32,1,5.2,8.2,7.1,7.6
"BHALLA AT LOHIA BRIDGE D/S
KASHIPUR",UTTARAKHAND,23,32,0,0,0.8,6.8,7.6
"DHELA U/S AT KASHIPUR
MORADABAD ROAD BRIDGE",UTTARAKHAND,20,32,0,3.2,8.8,7.3,7.6
"DHELA D/S AT THAKURDWARA
ALIGANJ ROAD",UTTARAKHAND,19,32,0,0,8.2,7.3,8.3
KICHHA AT KICHHA U.S. NAGAR,UTTARAKHAND,20,32,0,3.2,5.2,7.3,7.8
"KOSI AT KASHIPUR BAJPUR ROAD
BRIDGE",UTTARAKHAND,21,32,1,6.2,6.8,7.2,7.6
"NANDAUR U/S SITARGANJ
INDUSTRIAL AREA, US NAGAR",UTTARAKHAND,26,32,0,3.4,7.8,7.1,7.5
"NANDAUR D/S SITARGANJ
INDUSTRIAL AREA, US NAGAR",UTTARAKHAND,27,30,1,5.8,6.8,7.1,7.4
PILKHAR AFTER BILASPUR RAMPUR,UTTARAKHAND,26,32,0,4.8,5.8,7.2,8.5
GANGA AT BAHARAMPORE,WEST BENGAL,19,31,1,5,9.1,7.6,8.3
"NABADIP ON
GANGA,GHOSHPARA NEAR
MONIPURGHAT",WEST BENGAL,18.5,34,0,4.7,9.4,7.3,8.5
"TRIBENI ON GANGA, NEAR
BURNING GHAT",WEST BENGAL,20,35,0,5.1,9.6,7.3,8.5
GANGA AT PALTA,WEST BENGAL,22,33,0,4.7,9.4,7.1,8.3
GANGA AT SERAMPORE,WEST BENGAL,19,34,0,4.6,8.9,7.1,8.3
GANGA AT DAKSHINESHWAR,WEST BENGAL,22,35,0,3.8,8.2,7.6,8.2
GANGA AT HOWRAH-SHIVPUR,WEST BENGAL,21,34,0,3.7,8.5,7.6,8.2
GANGA AT GARDEN REACH,WEST BENGAL,22,36,0,3.1,8.6,7.6,8.3
GANGA AT ULUBERIA,WEST BENGAL,20,32,0,2.5,7.1,7.3,8.2
"GANGA AT DIAMOND
HARBOUR",WEST BENGAL,22,33,0,4.4,7.4,7.8,8.4
"KALJANI D/S OF ALIPURDWAR,
MUNICIPALITY DISCHARGE POINT",WEST BENGAL,20,32,1,6,8.3,7.2,8.1
"DAMODAR AT DISHERGARH
VILL.(NR.BIHAR-WEST BENGAL
BORDER)",WEST BENGAL,20,31,1,6.3,12,7.4,8.1
"DAMODAR AT D/S OF IISCO AFTER
3RD OUTFALL AT DHENNA VILLAGE",WEST BENGAL,21,32,1,6.6,12,7.1,8.3
"DAMODAR AT NARAINPUR A/C OF
NUNIA NALLAH",WEST BENGAL,22,34,0,4.7,15,7.1,8.4
"DAMODAR NEAR MUJHER MANA
VILLAGE A/C OF TAMLA NALLAH",WEST BENGAL,21,34,0,4.9,8.7,7.1,8.4
"HOOGHLY, DURGACHAK, NEAR
PATHIKALI",WEST BENGAL,23,32,1,5.4,8.1,7.5,8.2
"DAMODAR,WATER INTAKE POINT
FOR BURDWAN TOWN",WEST BENGAL,21,36,1,6.5,11.3,7.4,8.3
"BARAKAR AT ASANSOL (WATER
INTAKE POINT)",WEST BENGAL,21,31,1,6,11.8,7.2,8.2
"RUPNARAYAN , D/S AT KOLAGHAT,
NEAR KOLAGHAT RAIL BRIDGE NO.3",WEST BENGAL,22,34,1,5.7,7.9,7.5,8.2
"RUPNARAYAN B/C TO RIVER GANGA
NEAR GEONKHALI",WEST BENGAL,21,32,1,4.8,8.5,7.8,8.5
"DWARAKESHWAR WATER INTAKE
POINT FOR BANKURA TOWN",WEST BENGAL,22,33,1,6,9.5,7.2,8.3
"DWARKA, U/S OF TARAPITH AT
SADHAK BAMDEB GHAT",WEST BENGAL,19,36,0,3,12.4,6.8,8.7
"DWARKA , D/S OF TARAPITH, AT
SATIGHAT",WEST BENGAL,19,37,0,4.8,12.2,6.7,8.8
"SILABATI, D/S AT GHATAL",WEST BENGAL,22,36,0,4.7,8.3,6.9,8.1
"JALANGI, D/S OF KRISHNA NAGAR",WEST BENGAL,21,34,0,1.6,9.8,7.1,8.3
CHURNI D/S OF SANTIPUR TOWN,WEST BENGAL,22,34,0,1.8,7.3,7.1,8.1
"CHURNI, MAJHADIA",WEST BENGAL,22,32,0,0.2,6.8,7.2,8.3
"MATHA BHANGA, GOBINDAPUR",WEST BENGAL,22,32,0,0.4,6.3,7.3,8.1
"MAYURAKSHI, WATER INTAKE POINT
FOR SURI TOWN",WEST BENGAL,20,33,1,5.1,10.2,6.9,8.2
"KANSI, D/S MIDNAPORE, NEAR NEW
HANUMAN MANDIR, GANDHIGHAT",WEST BENGAL,24,36,0,5.6,11.2,6.8,9
MAHANANDA AT SILIGURI,WEST BENGAL,14,30,0,3.3,8.7,6.5,7.9
"MAHANANDA D/S, RAMGHAT",WEST BENGAL,12,34,0,1.2,6.2,6.8,7.8
"VINDYADHARI, U/S HAROA BRIDGE",WEST BENGAL,21,33,0,0.4,2.2,7.5,8
"VINDYADHARI D/S MALANCHA
BURNING GHAT",WEST BENGAL,21,39,0,0.6,4.1,7.4,8
"KAROLA, D/S OF JALPAIGURI, NEAR
MIN BHAWAN",WEST BENGAL,20,34,1,4.1,8.4,6.7,7.8
TEESTA AT SILIGURI,WEST BENGAL,11,26,1,5.6,8.7,6.8,8
MAHANADI AT SIHAWA,CHHATTISGARH,24,28,1,6.2,6.8,7.5,7.7
"MAHANADI U/S RUDRI
DHAMTORI RESERVOIR",CHHATTISGARH,24,28,1,7.2,7.4,7.7,7.9
MAHANADI U/S OF RAJIM,CHHATTISGARH,24,32,0,6.1,7.7,5.6,7.6
"MAHANADI AT ARRANG, RAIPUR",CHHATTISGARH,25,28,1,7.2,7.7,7.4,7.9
MAHANADI AT KHARAD,CHHATTISGARH,21,36,1,5.5,7.9,7.4,8.5
"MAHANADI AT SHEORINARAYAN
VILLAGE",CHHATTISGARH,29,36,0,6,7,7.5,9
MAHANADI A/C WITH MAND,CHHATTISGARH,21,36,0,6,7.6,7.3,10
"MAHANADI AT INTERSTATE
BOUNDRY",CHHATTISGARH,19,28,1,6.8,7.4,7.2,7.5
"HASDEO 100 METER D/S A/C OF
DENGUR NALLAH NERA C.S.E.B.
EAST GUEST HOUSE, KORBA",CHHATTISGARH,25,26,1,4.6,5.8,7.1,7.2
"HASDEO D/S NEAR URGA VILLAGE
KORBA",CHHATTISGARH,25,26,1,4.2,5.2,7.2,7.2
HASDEO U/S KORBA,CHHATTISGARH,25,27,1,5.4,7.5,7.1,7.2
HASDEO U/S OF CHAMPA,CHHATTISGARH,21,37,0,6.2,8.2,7.5,8.5
"KHAROON BUNDRI, RAIPUR",CHHATTISGARH,24,27,1,6.2,7.4,7.2,7.8
ARPA D/S OF BILASPUR,CHHATTISGARH,27,27,1,7.3,7.3,8,8
KELO U/S OF RAIGARH,CHHATTISGARH,19,28,1,6.7,7.3,7.2,7.5
KELO D/S OF RAIGARH,CHHATTISGARH,19,28,1,6.5,7.3,7.3,7.7
SEONATH U/S RAJNANDGAON,CHHATTISGARH,32,32,1,6.8,7.6,7.4,7.6
"SEONATH AT SHIMGA A/C. WITH
R. KHAROON",CHHATTISGARH,26,29,1,7.4,7.8,7.5,7.8
"SHEONATH AT RAJNANDGAON,
D/S AT MOHAD, RAJNANDGAON",CHHATTISGARH,23,32,1,6.7,7.6,7.3,7.6
"INDRAVATI A/C DANTEWADA
NELSONNAR, DANTEWADA",CHHATTISGARH,18,27,1,7.6,7.8,7.6,7.9
"SHANKNI A/C DANKANI
DANTEWADA",CHHATTISGARH,18,27,1,7.3,7.9,7.5,7.8
"BRAHAMPUTRA AT KHERGHAT
(A/C WITH DIBANG & DIHANG)",ASSAM,19,28,0,5.8,9,6.8,8.2
BRAHAMPUTRA AT DIBRUGARH,ASSAM,18,30,1,6.1,10.5,7.2,8.2
BRAHAMPUTRA AT NIMATIGHAT,ASSAM,14,28,1,5.3,7.8,7.1,8
"BRAHMPUTRA AT
DHENUKHAPAHAR",ASSAM,19,26,1,6.3,8.4,6.9,8
BRAHAMPUTRA AT PANDU,ASSAM,20,32,1,6.4,7.6,7.1,8.1
BRAHMAPUTRA AT DHUBRI,ASSAM,21,31,1,4.7,6.6,6.9,7.9
"BRAHAMPUTRA AT JOGIJHOGA
NEAR BRIDGE",ASSAM,21,32,1,5.2,6.3,7.2,8.3
"BRAHMPUTRA NEAR WATER
INTAKE POINT AT KACHARIGHAT,
PANBAZAR, GUWAHATI",ASSAM,20,28,1,6.2,8.2,7.1,8.4
"BRAHMAPUTRA RIVER AT
CHANDRAPUR, GUWAHATI",ASSAM,21,29,1,5.9,8,6.5,8.1
"BRAHMPUTRA RIVER AT
SUALKUCHI, DIST. KAMRUP",ASSAM,21,34,1,4.9,8.1,7.2,8.4
"KATHAKAL, U/S AT MATIJURI,
DIST. HAILAKANDI",ASSAM,21,27,1,5.4,5.9,6.8,8.3
DHANSIRI AT GOLAGHAT,ASSAM,18,28,1,5.3,8.4,6.8,8.4
BARAK D/S OF SILCHAR,ASSAM,24,29,1,5.5,5.9,6.8,7.8
"BEKI AT NH-37 CROSSING AT
BARPETA ROAD",ASSAM,20,30,1,5,6,7.3,8.3
BHARALU AT GUWAHATI,ASSAM,20,32,0,0,0.3,6.9,7.6
BHOGDOI AT JORHAT,ASSAM,17,31,1,4.5,6.2,6.7,8
"BOGINADI NEAR BRIDGE NH-52,
LAKHIMPUR",ASSAM,12,32,1,6.8,8.6,7,8.2
BORAK AT PANCHAGRAM,ASSAM,20,27,1,5.5,5.9,6.8,8
BURHIDIHING AT MARGHERITA,ASSAM,19,31,1,4.2,9.5,6.8,7.9
"BURHIDIHING AT DULIAJAN
(INTAKE POINT OF OIL INDIA LTD.)",ASSAM,18,29,1,4.5,8.4,6.8,8.1
"BURIDIHING D/S NEAR DULIAJAN
TINSUKIA",ASSAM,18,31,1,6.1,9.2,7.1,8.1
DEEPAR BEEL,ASSAM,22,33,0,3.1,12.2,6.8,8.2
"DIGBOI AT LAKHIPATHE, RESERVE
FOREST, DIGBOI",ASSAM,18,30,0,3,7.6,6.4,10
"DIKHOW AT DIKHOW BRIDGE
SIVASAGAR",ASSAM,18,30,1,4.9,7.9,6.6,7.8
DISANG AT GUNDAMGHAT,ASSAM,17,30,0,4.8,6.7,6.2,7.9
"DISANG AT DILLIGHAT,
DIBRUGARH DIST",ASSAM,19,28,0,3.4,8,6.8,8.3
"JAI BHARALI NEAR BISWANATH
CHARALI, SONITPUR",ASSAM,15,30,1,6.5,8.8,7,8.2
JHANJI AT N.H. CROSSING JORHAT,ASSAM,17,30,1,4.8,7.5,6.4,8.1
"KALONG AT U/S OF ANANDARAM
DEKIAL PHUKAN BRIDGE, NAGAON",ASSAM,21,32,0,3.6,6.7,6.4,7.7
"KAPILI AT DHARMTUL BRIDGE, NH-
31, NAGAON",ASSAM,20,33,0,5,8.3,6.3,7.9
"KHARSANG B/C WITH BURIDIHING
NEAR KHARSANG (ASSAM-
ARUNANCHAL BORDER)",ASSAM,19,30,1,5.5,7.9,6.6,8.3
"KOHORA AT N.H. CROSSING,
KOHORA",ASSAM,19,29,0,3.9,9.1,6.3,8.2
KOLONG AT MARIGAON,ASSAM,20,37,0,4.6,7.7,6.6,8.4
"KUNDLI AT KUNDLI/ SAPAKHOWA,
SADIA",ASSAM,18,28,1,6.1,8.5,7.1,8.4
KUSHIARA AT KARIMGANJ,ASSAM,21,27,1,5.5,6,6.6,7.9
"MANAS AT NH-31 CROSSING,
BARPETA, DISTRICT",ASSAM,22,31,1,5.6,6.1,7.5,8.5
MORA BHARALI AT TEZPUR,ASSAM,19,30,1,6.5,9,6.5,8.2
"PAGLDIA NEAR NALBARI TOWN,
DIST. NALBARI",ASSAM,21,35,1,5.6,8.1,7.5,8.8
"PANCHNAI AT NH-52 CROSSING,
ORANG",ASSAM,16,27,1,6.5,8.7,7,8.3
"RANGA NADI D/S OF HYDEL
PROJECT",ASSAM,14,30,1,6.6,8.4,6.9,8.4
SANKOSH DHUBRI,ASSAM,21,32,0,4.3,6,6.7,7.9
SONAI RIVER AT SONAI,ASSAM,24,29,1,5.5,6.1,6.8,7.9
"SUBANSIRI AT GEREKAMUKH, B/C
WITH BRAHMAPUTRA",ASSAM,11,28,1,7.3,9.7,7,8.3
GODAVARI U/S RAJAHMUNDRY,ANDHRA PRADESH,25,28,1,5.6,6.6,6.7,7.9
"KRISHNA A/C WITH
TUNGABHADRA,
SANGAMESHWARAM",ANDHRA PRADESH,22,25,1,4.9,6.6,7.8,8.2
"VEDADRI , GUNTUR DIST",ANDHRA PRADESH,24,29,0,5.8,7.1,6.5,8.6
"AMARAVATI , GUNTUR DIST",ANDHRA PRADESH,18,22,0,5.8,7.1,6.2,8.3
KRISHNA AT VIJAYWADA,ANDHRA PRADESH,22,28,1,6.2,7.2,6.7,8.1
"HAMSALA DEEVI , GUNTUR DIST",ANDHRA PRADESH,22,28,1,4.2,5.9,7.1,7.9
"KRISHNA D/S OF SRISHAILAM,
KURNOOL",ANDHRA PRADESH,24,29,1,5.1,6.5,7.7,8.2
"MANTHRALAYAM , KURNOOL DIST",ANDHRA PRADESH,23,28,1,5.6,6.4,7.8,8.3
"TUNGHABHADRA U/S KURNOOL,
BAVAPURAM",ANDHRA PRADESH,23,28,1,5.4,6.2,7.8,8.2
"PALLERU B/C. WITH KRISHNA,
JAGGAYYAPET",ANDHRA PRADESH,24,27,1,6.4,7.1,6.5,8.1
"HUNDRI, JOHARPUR(V), NEAR
TEMPLE, KURNOOL",ANDHRA PRADESH,22,29,0,1.7,2.3,7.7,8.1
"PENNAR B/CWITH CHITRAVATHI,
TADPATRI, UNGANOOR",ANDHRA PRADESH,22,27,0,3.9,4.8,7.9,8.1
"PENNAR A/C WITH PAPAGNI,
PUSPAGINI",ANDHRA PRADESH,27,32,0,3.6,6.6,7.6,8.3
"PENNAR A/C WITH CHEYYURU,
SOMASILE",ANDHRA PRADESH,26,28,0,5.9,7.1,6.4,8.4
"PENNAR SIDDVATA, NELLORE",ANDHRA PRADESH,26,32,0,3.7,6.5,7.4,8.2
"KUNDU, NANDYAL, NEAR OVER
BDG., KURNOOL",ANDHRA PRADESH,22,29,0,3.7,5.9,7.8,8.2
GANGA AT BUXAR,BIHAR,22,33,1,6,9,7.5,8.2
"GANGA AT BUXAR,
RAMREKHAGHAT",BIHAR,22,32,0,5.5,8.8,7.4,8.3
"GANGA U/S KHURJI, PATNA",BIHAR,21,31,1,7.2,8.6,7.2,8.3
"GANGA AT CONFLUENCE OF
SONE DORIGANJ, CHAPRA",BIHAR,19,30,1,7,9.6,7.7,8.4
"GANGA DARBHANGA GHAT AT
PATNA",BIHAR,16,30,1,6.5,8.6,7.4,8.3
"GANGA D/S PATNA (GANGA
BRIDGE)",BIHAR,17,30,1,6.2,8.6,7.4,8.3
"GANGA AT PUNPUN, PATNA",BIHAR,18,30,1,6.5,8.3,7.2,8.3
GANGA AT FATUHA,BIHAR,18,32,1,6.8,8.4,7.2,8.2
GANGA U/S MOKAMA,BIHAR,17,29,1,7.6,9.8,7.8,8.6
GANGA D/S MOKAMA,BIHAR,17,29,1,7.5,9.6,7.7,8
GANGA AT MUNGER,BIHAR,16,29,1,6.9,9.7,7.6,7.9
"GANGA AT SULTANGANJ,
BHAGALPUR",BIHAR,14.5,26,1,7.1,9.6,7.8,8.1
GANGA AT BHAGALPUR,BIHAR,16,28,1,6.9,9.4,7.6,8.1
GANGA AT KAHALGAON,BIHAR,14,28,1,7.2,9.6,7.8,8.1
"GANGA AT D/S BUXAR NEAR
GANGA BRIDGE",BIHAR,22,32,0,5.2,8.8,7.5,8.1
"GANGA NEAR DANAPUR (NEAR
PIPA PUL)",BIHAR,21,35,1,7.5,8.8,7.1,8.3
GANGA AT BARH,BIHAR,18,28,1,7.6,9.8,7.8,8.1
"GANGA AT U/S MUNGER (NEAR
INTAKE WELL ON GANGA)",BIHAR,16,30,1,7.1,9.8,7.8,8.1
GANGA AT U/S SULATANGANJ,BIHAR,14,29,1,7.1,9.6,7.7,8.1
GANGA AT U/S BHAGALPUR,BIHAR,14.5,26,1,7.1,9.6,7.8,8.1
"GANGA AT MALSALAMI, PATNA",BIHAR,19,34,1,6.5,8.6,7.4,8.3
GANGA AT BARAHIA,BIHAR,14,30,1,7.6,9.7,7.8,8.1
GHAGHARA NEAR CHAPRA,BIHAR,17,30,1,6.8,9.8,7.1,8.5
SONE AT KOELWAR,BIHAR,22,31,1,5,8.8,7.1,8.3
"GANDAK B/C AT SONEPUR,
PATNA",BIHAR,17,30,1,7.2,9.8,7,8.6
"GANDAK AT REWAGHAT,
MUJAFFARPUR",BIHAR,16,30,1,7,9.5,7,8.2
"GANDAK AT SAMASTIPUR
ROAD BRIDGE",BIHAR,20,34,1,7.6,9.4,7.3,8.9
"SIKRAHNA AT LAL PARSE,
BITTIAH",BIHAR,17,36,1,6.2,8.6,7.2,8.5
SIKRANA AT CHANPATIYA,BIHAR,16,30,1,6,8.6,7.4,8.2
"BURHI GANDAK AT
AKHARAGHAT, MUZAFFARPUR",BIHAR,17,33,1,6.6,9,7.3,8.8
HARBORA AT NARKATIAGANJ,BIHAR,17,30,1,6.5,8.2,6.5,7.9
"KAMALA AT BENIPATTI
(MADHUBANI)",BIHAR,15,30,1,7.4,10,7.6,8.9
KAMALA AT DARBHANGA,BIHAR,17,30,1,7,8.6,7.3,8.2
"MANUSMARAT RIGA,
SITAMARHI",BIHAR,18,32,1,6.7,8,6.8,8.2
"KOSHI AT KURSHELA AT
KATIHAR",BIHAR,14,31,1,6.3,9.1,6.6,7.6
KOSHI AT MADHEPURA,BIHAR,14,35,1,6.2,9,7.2,7.6
DAHA AT SIWAN,BIHAR,15,30,1,5,9.8,7.1,8.4
DAHA D/S SASAMUSA,BIHAR,16,30,1,6,9.5,7,7.8
"DAHA AT ITWA BRIDGE,
SIWAN",BIHAR,15,29,1,6.9,9.2,7.2,8.4
DHOUS AT MADHUBANI,BIHAR,18,30,1,6,9.4,7.3,8.9
FARMAR AT JOGBANI,BIHAR,14,29,1,5.6,8.6,6.6,7.6
RAM REKHAAT HARINAGAR,BIHAR,16,32,1,6.4,7.6,6.9,7.9
SIRSA AT RUXOL,BIHAR,16,33,1,6.4,6.4,7,7.7
SONE NEAR BANZARI,BIHAR,16,34,1,7.2,9.2,7.2,8.6
SONE RIVER AT BAHIYARA,BIHAR,22,30,1,5.2,9,7.5,8.2
"SONE RIVER AT NASIRIGANJ
DAM",BIHAR,18,33,1,7.1,9.6,7.4,8.5
"BAGMATI AT MUZAFFARPUR-
SITAMARHI ROAD BRIDGE",BIHAR,16,35,1,7.2,8.8,6.9,8.2
"BAGMATI AT DARBANGA,
SAMASTIPUR ROAD BRIDGE",BIHAR,20,34,1,7.4,9.1,7.4,8.8
DAHA AT MEERGANJ,BIHAR,15,30,1,6.5,9.6,7.5,8.2
"GANDAK U/S ROAD BRIDGE
MUZAFFARPUR (NH)",BIHAR,17,33,1,7.5,8.8,7.2,8.4
"GANDAK GOPALGANJ PIPRAKOTHI
ROAD BRIDGE (DUMARIA GHAT)",BIHAR,17,30,1,7,9.8,7.3,8.6
"U/S HARBORA BEFORE SUGAR MILL
NEAR ROAD BRIDGE NARKATIGANJ",BIHAR,16,30,1,7.2,8.6,7.1,8.3
"KAMALA AT JAYNAGAR,",BIHAR,20,29,1,7.5,10,7.7,8.5
KOSHI AT BEERPUR,BIHAR,14,35,0,6.6,8.9,7.2,7.8
"U/S MANUSMAR RIVER AT BAKHARI
RIGA",BIHAR,15,32,1,7,8.6,7,8.6
"POONPUN NEAR POONPUN RAIL
BRIDGE",BIHAR,12,30,1,6.5,9.6,7,8.6
"POONPUN NEAR KINZER ROAD
BRIDGE",BIHAR,14,32,1,6.5,10,7.1,8.5
RAMREKHA U/S HARINAGAR,BIHAR,16,32,1,6.9,8,7.1,7.9
"SIKRAHNA AT LAUREA, HARINAGAR
ROAD BRIDGE",BIHAR,17,36,0,7,8.6,7.2,7.8
SIRSA D/S RAXAUL (KOERIA TOLA),BIHAR,16,36,0,2.8,6.3,7.2,7.8
"MAHANANDA AT THAKURGANJ,
KISHANGANJ ROAD BRIDGE",BIHAR,14,28,1,6.1,8.5,6.5,7.6